target,prediction
0,0.017468212
0,0.06263144
0,0.088994645
0,0.09415189
0,0.83112323
0,0.5041647
0,0.09084844
0,0.040028583
0,0.29098743
0,0.27211687
0,0.25557515
0,0.023043467
1,0.15689611
1,0.29503345
1,0.012514519
1,0.67448527
1,0.42439428
0,0.6181171
0,0.5751153
0,0.40938297
0,0.65447074
0,0.052760523
0,0.61055696
0,0.43160725
0,0.12878717
0,0.23109487
0,0.43447596
0,0.17077988
0,0.13312313
0,0.66524345
0,0.10930621
0,0.6248561
0,0.155574
0,0.81073105
0,0.7913788
1,0.2819157
1,0.15773943
1,0.3515494
1,0.1045675
1,0.40392154
1,0.8348968
0,0.8380201
0,0.7385667
1,0.5161793
1,0.72524846
0,0.19495073
0,0.5587762
0,0.4050014
1,0.6800168
1,0.7377992
1,0.7541612
1,0.8899476
1,0.8042622
1,0.6466281
1,0.28589994
1,0.17888865
1,0.29038665
1,0.24304008
1,0.0580764
0,0.08021571
0,0.3363419
0,0.21123232
0,0.40355036
0,0.37773958
0,0.59991366
0,0.6648697
1,0.58733755
1,0.5151273
1,0.32270923
1,0.7425292
1,0.53609383
1,0.44057676
1,0.6565648
0,0.6472712
0,0.7847426
0,0.41995987
0,0.3379687
1,0.6820031
1,0.7134867
1,0.7629196
1,0.82169783
1,0.18501943
1,0.79049575
1,0.60089797
1,0.563077
0,0.12111079
0,0.22767141
0,0.105708845
0,0.07409916
0,0.19650137
0,0.2852242
0,0.09007951
0,0.21905409
0,0.030384595
0,0.05023465
0,0.13424137
0,0.0424473
1,0.43799645
1,0.7561822
1,0.8335456
1,0.9724811
1,0.9395268
1,0.88816965
1,0.95621145
1,0.96503055
1,0.12063756
1,0.20750716
0,0.117043
0,0.2526201
1,0.33958954
0,0.05948351
0,0.121830545
0,0.08205653
0,0.100510925
0,0.05753912
0,0.19519885
1,0.20474161
1,0.48780283
1,0.7662329
1,0.64021397
1,0.6328569
0,0.23515967
0,0.27191746
0,0.29453084
0,0.59855866
1,0.63572687
1,0.8693466
1,0.76522505
1,0.81470245
1,0.3160757
1,0.12431003
0,0.25505292
0,0.10856654
1,0.91797984
1,0.9662782
1,0.9698277
1,0.9946116
1,0.84537315
1,0.9316089
1,0.9711184
1,0.95302534
1,0.99359447
1,0.9790781
1,0.984576
1,0.9938241
1,0.9829254
1,0.9000323
1,0.5664413
0,0.10497501
0,0.10294932
0,0.07524152
0,0.027678937
0,0.02648633
0,0.081784904
0,0.024786875
0,0.0682831
0,0.10725454
0,0.33132818
0,0.5439884
0,0.5574213
0,0.68347496
1,0.6191158
1,0.71025896
1,0.8718681
1,0.7208479
1,0.9252262
1,0.04868863
1,0.29460758
1,0.9102163
1,0.82431835
1,0.7792524
1,0.68147683
1,0.8703224
1,0.77182686
1,0.5571769
1,0.75177807
1,0.2527342
0,0.301725
0,0.6244125
0,0.33777592
0,0.073687404
0,0.3744449
0,0.1045867
0,0.5424419
0,0.5724444
1,0.6581675
1,0.63160706
1,0.22364482
1,0.49296147
0,0.14725292
0,0.77164084
0,0.61971897
1,0.9785275
1,0.8990627
1,0.9829625
1,0.9906549
1,0.87091637
1,0.9544231
1,0.7941541
1,0.87147
1,0.9319612
1,0.941505
1,0.97213227
1,0.8892084
1,0.99303645
1,0.9860525
1,0.90935767
1,0.98260605
1,0.6499699
1,0.8469293
1,0.8565013
1,0.87604755
1,0.97990876
1,0.9870883
1,0.96720713
1,0.98003644
1,0.62620384
1,0.9366208
1,0.84986407
1,0.92062205
0,0.41637033
0,0.524334
0,0.10040802
0,0.34385625
0,0.06190213
0,0.3410737
0,0.024400838
0,0.02282722
0,0.006781746
0,0.012763922
0,0.089297876
0,0.30930993
0,0.43051133
0,0.3047954
0,0.33438146
0,0.33019245
0,0.22952098
0,0.27473012
0,0.5858408
0,0.52545476
1,0.6290138
1,0.79955703
1,0.6891679
1,0.51649565
1,0.474529
1,0.34548026
1,0.6827299
1,0.86531323
1,0.5098066
1,0.45524576
0,0.26228568
0,0.35308412
0,0.22219786
1,0.3856685
1,0.26814577
1,0.24889825
0,0.24741799
0,0.15878181
0,0.39816558
1,0.6096466
0,0.5541147
1,0.62203115
1,0.70955443
1,0.65242267
1,0.8501681
1,0.7600018
1,0.20366909
0,0.06899998
0,0.1087503
0,0.067029774
0,0.029164597
1,0.2170691
0,0.29788944
0,0.44086277
0,0.51228225
0,0.013301808
0,0.006550597
0,0.43947503
0,0.5922342
1,0.7029882
0,0.552457
0,0.39046383
0,0.24373274
0,0.3250381
0,0.41025063
1,0.06557199
1,0.07838798
0,0.70546556
0,0.3771055
1,0.43992528
1,0.64712226
0,0.47849697
0,0.7189556
1,0.44923875
1,0.21621118
1,0.6163108
1,0.5578736
1,0.7702626
1,0.90210164
0,0.11885612
0,0.19776157
0,0.2201195
0,0.31965324
1,0.19801308
1,0.64369607
1,0.55063766
1,0.6174458
1,0.5462518
1,0.88685125
1,0.7186717
0,0.17079234
0,0.1726191
0,0.0450973
0,0.036132287
0,0.38261148
0,0.2501961
0,0.27209783
0,0.31307003
0,0.3405757
0,0.2280208
0,0.10775255
0,0.09542884
0,0.13446264
0,0.14315774
0,0.13940626
0,0.4475269
1,0.25464198
1,0.10507462
0,0.23312436
0,0.38497227
1,0.23293169
1,0.19243817
1,0.6920049
1,0.664486
1,0.8786696
1,0.49849322
0,0.038890287
0,0.113187715
0,0.101218924
0,0.02793248
0,0.38700566
0,0.11362636
1,0.4561775
1,0.25955456
1,0.06840492
0,0.661583
0,0.18009473
1,0.5279135
1,0.81088066
1,0.6250906
1,0.5447175
0,0.24162464
1,0.5561736
1,0.7062127
1,0.47669885
1,0.7748316
1,0.48540622
0,0.6950526
0,0.37572226
0,0.7055686
0,0.6115738
1,0.36608654
0,0.41193208
1,0.1541495
0,0.5007197
0,0.20648678
0,0.12651755
1,0.9252796
1,0.5492832
1,0.95380825
1,0.6150174
1,0.2158804
1,0.9020031
1,0.8242213
1,0.7502625
1,0.5359255
1,0.2975383
0,0.7846275
0,0.45804515
0,0.5306457
1,0.7498359
1,0.27247652
1,0.6775616
1,0.69553244
1,0.27871317
0,0.5618201
0,0.39344877
0,0.27722636
0,0.6225632
0,0.43538544
1,0.57910603
0,0.07483304
0,0.13476239
0,0.03689595
0,0.24690892
1,0.12848993
1,0.29820845
1,0.65088534
1,0.2917868
0,0.15391085
0,0.087788664
0,0.099665925
0,0.059642352
1,0.21282962
0,0.2970144
0,0.7660432
0,0.16464946
0,0.11767522
0,0.05732587
0,0.26424786
1,0.17857885
0,0.34617412
0,0.14322041
0,0.06283247
0,0.3827753
1,0.97358805
1,0.9754058
1,0.9930006
1,0.98972535
1,0.5274178
1,0.83591926
1,0.59020376
1,0.5909223
1,0.36365592
1,0.34018594
0,0.22864963
0,0.3657888
0,0.21463314
0,0.10136931
0,0.06230826
0,0.15797749
0,0.31076017
0,0.18349756
0,0.29028213
0,0.5448697
1,0.88491344
1,0.97759676
1,0.9864879
1,0.9015007
1,0.7334421
1,0.7089076
1,0.73577076
0,0.7581953
0,0.8120102
1,0.25629187
1,0.45140466
1,0.51772213
1,0.37105444
0,0.5839534
0,0.5124893
0,0.33936256
0,0.38639864
1,0.5247488
0,0.114786066
0,0.18676654
0,0.24065723
1,0.22048566
1,0.37133804
1,0.3439719
0,0.17809048
0,0.051765513
0,0.13019726
0,0.028060578
0,0.13369326
0,0.26125374
0,0.19150545
0,0.39413145
0,0.22986743
0,0.19572774
0,0.054071825
1,0.24236575
1,0.83933425
1,0.7643847
0,0.44389948
0,0.11010949
0,0.035310976
0,0.28935885
0,0.44393927
1,0.9497186
1,0.8326217
1,0.8696407
1,0.8963797
1,0.7045009
1,0.9431835
1,0.90783334
1,0.90880173
0,0.86570567
0,0.5665426
0,0.25585246
0,0.7307906
0,0.6966653
1,0.7743897
1,0.8323438
1,0.69644094
1,0.87730795
0,0.37883645
0,0.17818096
0,0.55998033
0,0.5396644
1,0.5093854
1,0.08483984
0,0.16985148
0,0.42299572
1,0.42541334
1,0.7548613
1,0.8001599
1,0.13723512
0,0.5865625
0,0.7233246
0,0.14993271
0,0.62047243
0,0.4745229
0,0.24668017
0,0.59731925
0,0.3086542
1,0.54935354
1,0.43797085
1,0.103352904
1,0.9086865
1,0.48818523
0,0.81009084
0,0.17770913
0,0.30923164
0,0.07128021
0,0.17923553
1,0.23237702
1,0.3099782
0,0.7680841
0,0.12795922
0,0.09899912
0,0.3627171
0,0.42817822
1,0.509907
1,0.294803
1,0.9890132
1,0.95855016
1,0.9513994
1,0.74425167
1,0.6956227
1,0.96729624
1,0.9518769
1,0.7679445
1,0.8780422
1,0.65905136
1,0.838156
0,0.51188076
0,0.48940402
0,0.12818876
0,0.22770944
1,0.5795977
1,0.96858126
1,0.8244449
1,0.77255714
0,0.5384234
0,0.26145974
0,0.5873027
1,0.3820334
0,0.47151217
0,0.6937588
0,0.22900258
0,0.18340215
0,0.7817273
0,0.8959766
1,0.113018505
0,0.5576436
0,0.03988133
0,0.09568711
0,0.03836614
0,0.060439277
0,0.007842283
0,0.028662106
0,0.0034582317
0,0.05712464
0,0.31886235
0,0.10443236
0,0.20404829
0,0.2127285
1,0.022586595
0,0.11756124
0,0.2112953
0,0.23547396
0,0.28679338
0,0.276593
0,0.64497155
0,0.30266213
1,0.929439
1,0.78348404
1,0.8303906
1,0.88005716
1,0.7061377
1,0.8170898
1,0.50514424
1,0.4930335
1,0.3705353
0,0.19488679
0,0.44143295
0,0.40513802
0,0.061620988
0,0.04915697
0,0.27748793
0,0.28706858
0,0.6324485
1,0.6927395
1,0.5544294
1,0.082366824
0,0.30771083
0,0.20874776
0,0.20608291
0,0.67348343
0,0.13553892
1,0.42349905
1,0.47163162
0,0.14820549
0,0.1599632
0,0.054960206
0,0.13298485
0,0.2957561
0,0.17108375
0,0.2761994
1,0.5954186
1,0.8962285
1,0.87148863
1,0.8996174
1,0.97530705
1,0.9670779
1,0.96190953
1,0.9908744
1,0.9816196
1,0.88430476
0,0.8900778
0,0.7766968
0,0.26813427
0,0.5287548
0,0.014026576
0,0.014884931
0,0.023239536
0,0.027385423
0,0.065102175
1,0.49508327
1,0.6628852
1,0.9213664
1,0.7836736
1,0.15533441
0,0.6510117
0,0.19942293
0,0.18641362
0,0.044527616
0,0.23521246
1,0.68330836
1,0.7850893
1,0.27499768
1,0.21353912
1,0.37067226
0,0.19344695
0,0.63230383
0,0.37172803
0,0.24520724
0,0.5316106
0,0.19614443
0,0.62893564
1,0.16714832
0,0.48376763
1,0.50446
1,0.7414502
1,0.270506
0,0.9701818
1,0.42451397
0,0.6603156
1,0.83928186
1,0.93765694
1,0.8066265
1,0.83823764
1,0.67804885
0,0.07372187
0,0.2366129
0,0.087161474
1,0.17761753
1,0.8726765
1,0.88241506
0,0.5317831
0,0.1957725
0,0.20141768
0,0.4587926
0,0.119345665
0,0.6446794
1,0.651897
1,0.74509346
1,0.64276284
0,0.76842165
0,0.68252623
0,0.1557243
0,0.18054816
0,0.08641888
1,0.5303833
1,0.4768664
1,0.35508123
1,0.31338787
0,0.45554462
0,0.4608714
0,0.50248545
0,0.6138068
0,0.5162369
1,0.87662905
1,0.78177094
1,0.69683266
1,0.7977291
1,0.9268706
1,0.8232432
1,0.5872571
1,0.5948872
1,0.5682639
1,0.49714312
1,0.7847038
0,0.5931921
0,0.55111706
0,0.24351987
0,0.24317275
0,0.14301792
1,0.9099905
1,0.80048925
1,0.4346156
1,0.7810218
0,0.760016
0,0.6519287
0,0.33100027
0,0.17983207
0,0.78302646
1,0.9320783
1,0.9725935
1,0.9752619
1,0.9599268
1,0.8106061
1,0.14982711
1,0.3469334
0,0.6208657
1,0.26008415
1,0.16426274
0,0.21536908
0,0.79202205
0,0.067585774
0,0.26578033
1,0.94401884
1,0.9922955
1,0.9565577
1,0.9919634
1,0.8694563
1,0.8626594
0,0.53227174
0,0.32183674
0,0.036502812
0,0.2511416
0,0.13875778
0,0.3233428
0,0.055807576
0,0.04646944
0,0.1264732
0,0.16708906
0,0.06601599
0,0.09909003
0,0.30976072
0,0.46951345
0,0.26365113
0,0.400212
0,0.36994526
0,0.25867718
1,0.9813276
1,0.91364473
1,0.97358954
1,0.91289175
1,0.9696698
1,0.4557244
1,0.927319
1,0.7165295
1,0.70979637
1,0.84664243
1,0.8689512
1,0.5327895
1,0.18546928
0,0.3219081
0,0.057542484
0,0.09749793
0,0.07070421
0,0.032019183
0,0.03221524
0,0.027991649
0,0.016114641
0,0.13244885
0,0.6480291
0,0.12261365
0,0.5884551
0,0.43862003
0,0.4919715
1,0.9753142
1,0.95597804
1,0.9658063
1,0.9532828
1,0.99347067
1,0.84703845
1,0.67558676
1,0.7168954
1,0.26276377
1,0.43663695
1,0.24056058
1,0.17118457
1,0.40820885
0,0.28798005
0,0.2940413
1,0.48265573
0,0.28449404
0,0.017181749
0,0.1557448
0,0.17772315
1,0.8933539
1,0.98063344
1,0.9634831
1,0.97870797
1,0.71586853
1,0.75751555
1,0.8382775
1,0.75445634
1,0.25944683
1,0.08899206
0,0.550287
0,0.5542247
1,0.16138144
1,0.4116649
0,0.21724932
0,0.16416945
1,0.9747927
1,0.9476011
1,0.72981364
1,0.870439
1,0.75362754
1,0.9578281
1,0.93864614
1,0.71816975
1,0.9054189
1,0.7609221
1,0.6484751
0,0.19212756
0,0.40073338
0,0.034439236
0,0.12761018
0,0.85802305
0,0.76456696
1,0.76240486
1,0.9462443
1,0.7692946
1,0.42114335
1,0.9742673
1,0.8530225
1,0.9672145
1,0.943867
1,0.7929521
0,0.25563255
0,0.11280457
0,0.10899596
0,0.50539327
0,0.3579208
0,0.21526724
0,0.021166032
0,0.027475659
0,0.29320887
0,0.36291596
0,0.6717697
1,0.95681643
1,0.9708294
1,0.9897406
1,0.9962322
1,0.9676783
1,0.99008733
1,0.97222644
1,0.99237716
1,0.9152662
1,0.9657727
1,0.9693117
1,0.9645668
1,0.83248305
1,0.83989084
1,0.9042878
1,0.74924845
0,0.47697756
0,0.15367778
0,0.18177888
0,0.08829723
0,0.11853481
0,0.055870708
0,0.23527591
0,0.05812127
1,0.49241248
1,0.5229007
1,0.81359243
1,0.9461495
1,0.77924424
1,0.8760876
0,0.12805593
0,0.041632503
0,0.11080635
0,0.14978099
0,0.11976437
0,0.23390646
0,0.45758677
0,0.43238813
1,0.3004699
1,0.92795557
1,0.97082806
1,0.8280428
1,0.621054
1,0.60846573
1,0.5041503
1,0.76045555
1,0.45132762
1,0.4431984
1,0.70909745
0,0.5567588
0,0.28912857
0,0.1596073
0,0.22861524
0,0.11994126
0,0.12120674
1,0.9306196
1,0.96075714
1,0.9716519
1,0.9324544
1,0.88076866
1,0.9246494
0,0.022263644
0,0.10929609
0,0.051071055
0,0.02235107
0,0.07961964
0,0.19266081
0,0.13899936
0,0.37487835
1,0.68334043
1,0.6861635
1,0.32725975
1,0.76142085
0,0.07615197
0,0.17762487
0,0.24766244
0,0.123094596
0,0.5821971
1,0.24462374
0,0.352099
0,0.14251237
0,0.08181046
0,0.48327032
1,0.6376334
1,0.80868334
1,0.9260698
1,0.88745934
0,0.44162273
1,0.55647427
0,0.5026426
1,0.4979757
1,0.9448789
1,0.75076115
1,0.84558105
1,0.7174927
0,0.5655319
0,0.0904272
0,0.04591709
0,0.018765144
0,0.14659813
0,0.07024511
0,0.21831855
0,0.05483924
0,0.8803118
0,0.8631447
0,0.10796035
0,0.2917863
0,0.43335882
0,0.42618015
0,0.3869757
0,0.17909539
0,0.18008283
0,0.49398544
0,0.61465067
1,0.5106574
1,0.731607
1,0.86763245
1,0.69165033
1,0.5872476
1,0.9168207
1,0.85359514
1,0.83989006
1,0.65891534
1,0.64655465
1,0.676489
1,0.76917917
1,0.8891517
1,0.77941495
0,0.33932948
0,0.1971943
0,0.3324347
0,0.42262086
0,0.3731433
0,0.08265433
0,0.108083546
0,0.8382643
1,0.5886654
1,0.48320016
0,0.7097607
1,0.68467945
1,0.68772995
0,0.4387915
0,0.5791302
0,0.5975268
1,0.6655997
1,0.84104526
1,0.4535845
1,0.67944646
1,0.7799795
1,0.68561214
1,0.13755508
0,0.13506213
0,0.056766964
1,0.27234113
0,0.10472937
0,0.10765759
0,0.36328098
1,0.22406109
0,0.74315614
0,0.84323025
1,0.8826869
1,0.82542646
1,0.97125083
1,0.95100516
1,0.9830504
1,0.9435306
1,0.9618063
1,0.94983584
1,0.99045944
1,0.99335337
1,0.8312027
1,0.97266066
1,0.8942097
1,0.9537703
1,0.9410856
1,0.9224249
1,0.70852965
1,0.65380883
1,0.32996282
1,0.3559159
0,0.01182652
0,0.07709134
0,0.0086568585
0,0.006622196
0,0.020430783
0,0.14451769
0,0.37706923
0,0.3443881
0,0.7424865
0,0.90040475
1,0.5695949
1,0.47815195
0,0.7800193
0,0.8288752
0,0.555774
0,0.6889341
1,0.57741237
1,0.9243593
1,0.85938394
1,0.77431357
1,0.94266593
1,0.50424784
1,0.7770402
1,0.92310524
1,0.88720053
1,0.8067894
1,0.79836386
1,0.9480423
1,0.8884242
0,0.18321712
0,0.016681958
0,0.027695555
0,0.22016856
0,0.38139537
1,0.38767782
0,0.40705645
1,0.50814986
0,0.33898985
0,0.59266496
0,0.70718837
1,0.7238466
1,0.4524297
1,0.40006727
0,0.62749916
0,0.43104056
0,0.7308965
0,0.6520217
1,0.78211504
1,0.6719914
1,0.65385836
1,0.663663
1,0.5542434
0,0.70603395
1,0.6581999
1,0.50514364
0,0.5851098
1,0.6729863
1,0.6152396
1,0.4893049
1,0.43765634
0,0.23168123
0,0.29260376
0,0.5487034
0,0.3332185
0,0.33598647
0,0.233243
0,0.20110759
0,0.057217017
0,0.12594245
0,0.26569548
0,0.29271147
0,0.0986542
0,0.4276049
0,0.3461056
0,0.17574842
0,0.40726784
1,0.89392173
0,0.9401226
0,0.4861698
0,0.48396936
0,0.5806343
1,0.98874015
1,0.99381304
1,0.984945
1,0.9951291
1,0.9914552
1,0.65485364
1,0.95670044
1,0.8893761
1,0.9523274
1,0.9831424
1,0.8324092
1,0.81857264
1,0.796221
1,0.8532974
1,0.43272886
0,0.27455714
0,0.5053262
1,0.53567773
1,0.92272323
1,0.61689794
1,0.7682375
1,0.892059
1,0.73863125
1,0.6429173
1,0.41449207
1,0.46208245
1,0.33220416
0,0.4266879
0,0.2237937
0,0.31449583
0,0.14098278
0,0.17518398
0,0.030100826
0,0.4096666
1,0.7480902
0,0.92327297
0,0.6192224
0,0.6960692
0,0.4248484
0,0.4696906
1,0.8290081
1,0.95220286
1,0.90219516
1,0.9507225
1,0.646462
1,0.9153387
1,0.5787404
1,0.8640697
0,0.11767881
0,0.014144399
0,0.012272859
0,0.016524248
1,0.71396214
1,0.98048806
1,0.9215312
0,0.03641834
0,0.0035027228
0,0.0038612299
0,0.11714488
0,0.1271653
0,0.60271716
1,0.3509112
1,0.3871344
1,0.8633181
1,0.6165394
1,0.6572437
1,0.42222926
1,0.37080914
1,0.42543042
1,0.61605865
1,0.4150981
1,0.4490405
0,0.14802566
0,0.17955638
0,0.41529927
0,0.06621015
0,0.18247999
0,0.1653659
1,0.28842384
1,0.34256518
0,0.66089237
0,0.37817532
0,0.44350678
1,0.2985143
1,0.4769892
1,0.5914551
1,0.6807075
0,0.45971224
0,0.16145952
0,0.29418403
0,0.38479123
1,0.5949624
1,0.6758598
1,0.86212695
1,0.69541603
0,0.20260087
0,0.2690827
1,0.07873719
0,0.09815502
0,0.039880775
0,0.023090424
0,0.0010512107
0,0.003885185
0,0.07781601
0,0.06209677
0,0.3878748
0,0.1443487
1,0.08846005
1,0.48170272
0,0.5555202
0,0.65425795
0,0.2768902
0,0.114588626
0,0.45802996
0,0.20955001
1,0.7961742
1,0.9823743
1,0.92525727
1,0.7885754
0,0.26570252
0,0.6745604
1,0.70572263
1,0.39321288
1,0.80316883
1,0.4971087
1,0.68693376
0,0.14795454
0,0.07283285
0,0.30271637
0,0.17586176
0,0.24949326
0,0.6377855
0,0.32828033
0,0.31732783
0,0.042835515
0,0.37931788
1,0.74290293
1,0.7428658
1,0.8750635
1,0.89925796
1,0.5302911
0,0.1774974
1,0.618822
1,0.6350438
1,0.9350135
1,0.5783887
0,0.45849204
0,0.28003743
0,0.06261251
0,0.45619765
0,0.28022614
1,0.5262822
1,0.7986992
0,0.47171214
0,0.26151472
0,0.35596988
0,0.34317613
1,0.84483993
1,0.76493096
1,0.84117943
1,0.7306056
1,0.5832343
0,0.71569866
1,0.700954
0,0.69183457
1,0.35992962
1,0.39541548
1,0.63716227
1,0.37892944
0,0.14521784
0,0.21870945
0,0.6542371
1,0.15063728
1,0.7778153
0,0.09046898
1,0.6356126
1,0.66482955
1,0.25709617
0,0.5129531
0,0.49172384
0,0.2621046
0,0.18419965
0,0.2680741
0,0.4153506
0,0.6340876
0,0.89100724
0,0.8746745
1,0.23956248
1,0.3441818
1,0.6393548
1,0.77654225
1,0.85998964
0,0.112976424
0,0.04540666
0,0.49785724
1,0.33581713
1,0.51452607
1,0.9102941
1,0.8051085
1,0.8578634
0,0.28219163
0,0.31092685
0,0.1476584
0,0.39932966
1,0.43399915
1,0.93808484
1,0.592352
1,0.6269151
1,0.3706049
1,0.46179622
0,0.17694403
0,0.16723464
0,0.32697278
0,0.25421742
0,0.11584542
0,0.47883746
1,0.85757357
1,0.91400397
1,0.9338217
1,0.95651674
1,0.31100336
1,0.44876885
1,0.5846698
1,0.13553928
0,0.24144888
0,0.03799319
0,0.10828002
0,0.081917316
0,0.5369989
0,0.2941932
0,0.1701493
0,0.22954097
0,0.19314842
0,0.120286
0,0.12735362
0,0.10634576
0,0.16975535
0,0.13295536
0,0.1522393
0,0.27859023
1,0.16048993
1,0.58692074
1,0.23325504
1,0.58582056
1,0.42957005
1,0.4087656
1,0.6457453
0,0.15056446
0,0.16510394
0,0.39499986
0,0.47743112
0,0.2877273
0,0.5127943
0,0.7567215
0,0.4613799
1,0.3613462
1,0.8031144
1,0.5694116
1,0.8651497
0,0.9761267
1,0.583295
1,0.71902037
1,0.8311252
1,0.6173225
1,0.20352827
1,0.60969734
0,0.5482457
0,0.81905746
1,0.8271408
1,0.8571958
1,0.9361835
1,0.836055
1,0.57086605
1,0.75597984
1,0.5845196
1,0.7714531
1,0.8557986
1,0.6208765
0,0.7191416
0,0.45244128
0,0.18651563
0,0.4199703
0,0.7066656
0,0.75135034
0,0.9163366
1,0.9335467
1,0.934693
1,0.2672186
1,0.6252594
0,0.18791816
0,0.33676252
0,0.06630457
0,0.025675502
0,0.04368517
0,0.19079646
0,0.722446
0,0.62042606
0,0.7305154
1,0.7885438
1,0.4435496
1,0.86554843
1,0.8339825
1,0.6565432
1,0.89572185
1,0.7369871
1,0.6531862
1,0.66308117
1,0.32300657
1,0.35416543
1,0.3346981
0,0.78611064
0,0.2995335
0,0.3843669
0,0.24121742
0,0.24624173
0,0.54910487
1,0.7397334
0,0.69855726
0,0.7652522
1,0.7695503
1,0.92959744
1,0.79052603
1,0.5882926
0,0.5059382
0,0.26005355
1,0.620568
1,0.69226575
1,0.13287544
1,0.6526278
1,0.59253013
1,0.63966256
1,0.47825837
1,0.2620649
1,0.35336965
0,0.6931333
0,0.73574
0,0.6983412
1,0.84991986
1,0.95269793
1,0.9179972
1,0.6986598
1,0.4601607
1,0.39264435
1,0.61664397
1,0.5700916
1,0.335288
1,0.34910363
1,0.3632858
0,0.6986096
1,0.76499957
1,0.9662625
1,0.85337347
1,0.85974056
1,0.6577906
0,0.7502926
0,0.5763246
0,0.3908431
0,0.111477114
0,0.06426488
0,0.053503115
0,0.79044145
0,0.839661
1,0.86823213
1,0.9773677
1,0.9573752
1,0.9434592
1,0.9321182
1,0.8813284
1,0.9472094
1,0.97671753
1,0.9046911
1,0.93660706
1,0.7790705
1,0.66470104
1,0.6784453
1,0.3007805
1,0.9424106
1,0.87066066
1,0.52409256
1,0.771942
1,0.840292
1,0.65935177
0,0.20622873
0,0.576762
0,0.38652334
0,0.13159022
0,0.28008807
0,0.18435782
0,0.32287505
0,0.3832334
0,0.20443386
1,0.2037381
1,0.86284274
1,0.74398065
1,0.66887194
1,0.91861486
1,0.9407736
0,0.30989957
1,0.6549477
1,0.17690189
0,0.7349471
1,0.17395358
0,0.73703563
0,0.59508467
0,0.06568815
0,0.1918468
0,0.13652767
0,0.020851694
0,0.5967858
0,0.23006395
1,0.5974992
1,0.6996298
1,0.84458274
1,0.76685256
1,0.90950024
1,0.9558212
1,0.75131017
1,0.45438674
1,0.17250012
1,0.084849946
0,0.6487678
0,0.07997324
1,0.5841876
1,0.24681622
0,0.38862988
0,0.22374015
0,0.28955343
0,0.41901824
0,0.078099586
0,0.043209318
0,0.34339246
0,0.16273059
0,0.19552313
0,0.040524177
1,0.20009126
1,0.27624935
0,0.30498922
0,0.27250358
0,0.15457468
0,0.12280484
0,0.28910267
0,0.34347764
0,0.4962465
1,0.5036959
1,0.13939802
1,0.15919164
0,0.04263809
0,0.18859757
0,0.3313709
0,0.3217236
0,0.41701877
0,0.6275993
0,0.5602518
1,0.42602214
1,0.47334763
0,0.76763594
0,0.34492043
0,0.23435286
0,0.5091706
0,0.2104732
0,0.90247315
0,0.52573043
1,0.6896022
1,0.6610371
1,0.9848067
1,0.7033645
1,0.9665613
1,0.8735272
1,0.7806014
0,0.054539323
0,0.049527254
0,0.48564318
0,0.06119538
0,0.19679299
0,0.26868272
0,0.476566
1,0.77263343
1,0.7476291
1,0.82108945
1,0.44220334
1,0.6367975
1,0.38429567
0,0.4602673
0,0.0287095
0,0.09951232
0,0.07041115
0,0.06745884
0,0.053332243
0,0.38433972
0,0.28858292
0,0.86147
1,0.6855661
1,0.9194044
1,0.5975371
1,0.6711193
1,0.8795482
1,0.85631377
1,0.6389598
1,0.46769795
0,0.44324356
0,0.16039549
1,0.37824348
0,0.2464015
1,0.13943139
1,0.8787092
1,0.40430394
0,0.43511882
0,0.57450527
0,0.011028144
0,0.029246155
0,0.24090293
0,0.4163756
0,0.24034445
0,0.49992383
0,0.88914514
1,0.666539
1,0.39201942
1,0.77776915
1,0.6757507
1,0.55214876
0,0.3651485
0,0.67601156
0,0.96296346
0,0.25727525
1,0.32584396
0,0.7285838
0,0.24576637
0,0.35929087
0,0.14887895
1,0.36912706
1,0.65126234
1,0.6827502
0,0.6036653
0,0.4846347
0,0.55313706
0,0.3024425
1,0.7777611
1,0.5132476
1,0.42838585
1,0.73988587
0,0.40544817
0,0.11404029
0,0.30941126
0,0.366859
0,0.2871516
0,0.08969732
0,0.08269022
0,0.12031432
0,0.073793575
0,0.025779061
0,0.11195384
0,0.36483556
1,0.48554423
1,0.5901671
1,0.7766381
1,0.8005019
1,0.8473222
1,0.7027448
1,0.72679013
1,0.79679507
0,0.015334689
0,0.017569367
0,0.024935795
0,0.03762519
0,0.17253159
0,0.17346601
0,0.38620713
0,0.31116402
1,0.54054004
1,0.7575393
1,0.9103725
1,0.89839
1,0.93030083
1,0.89443874
1,0.7886107
1,0.8557983
0,0.019703897
0,0.08787544
0,0.12874472
0,0.06817576
0,0.06414163
0,0.008423745
0,0.13334636
0,0.079243965
0,0.37610155
0,0.26219177
1,0.46585354
0,0.14417402
0,0.20527181
0,0.43328512
0,0.05802635
1,0.44089594
1,0.40817925
0,0.5074107
1,0.5651903
0,0.07728485
0,0.0331986
1,0.10597045
0,0.051471632
0,0.35194302
0,0.20916036
0,0.35856763
1,0.85502356
0,0.84559816
1,0.6724899
1,0.81733817
0,0.034899663
0,0.26761493
0,0.16329272
0,0.28002867
0,0.088429414
1,0.56123334
1,0.7235405
0,0.088183604
0,0.023277625
0,0.25153503
0,0.22536379
1,0.09893444
0,0.23434065
0,0.10257673
0,0.07799624
0,0.25889963
0,0.15176654
0,0.18256086
0,0.12623344
0,0.38177314
0,0.26138398
0,0.19794126
0,0.21321413
1,0.19207826
1,0.73229
1,0.566853
1,0.53750265
1,0.50683755
0,0.10947585
0,0.2601531
0,0.22442003
0,0.25945246
0,0.3187746
0,0.7951597
0,0.27773485
0,0.24854858
0,0.49612686
0,0.4597673
0,0.41642705
1,0.27502272
1,0.18217571
1,0.6018449
0,0.8398445
0,0.36796176
0,0.40061617
0,0.43911165
0,0.21370938
0,0.31894097
0,0.92124426
1,0.5803959
1,0.79866725
1,0.95664066
1,0.94303846
1,0.9011897
1,0.769433
1,0.5690973
0,0.6522166
1,0.642586
1,0.8508481
1,0.5890997
1,0.6691746
0,0.63684994
0,0.23663546
0,0.30602363
0,0.21996558
0,0.66614646
0,0.5778298
0,0.33062112
0,0.17178045
0,0.06517962
0,0.3235931
0,0.10657794
0,0.12837064
0,0.30081603
0,0.20575124
0,0.31987774
0,0.39348856
0,0.4847352
1,0.42119348
1,0.8524801
1,0.613917
1,0.8747622
1,0.707308
1,0.7558688
1,0.81205726
1,0.8625211
1,0.7373155
1,0.9063953
1,0.5980855
1,0.71627176
1,0.85838187
1,0.78485197
1,0.89236075
1,0.59844303
1,0.46862486
1,0.51317006
1,0.74461126
1,0.9734157
1,0.9131066
0,0.3569502
0,0.32357112
0,0.124906786
0,0.114263855
0,0.016113287
1,0.6160376
0,0.064850576
0,0.105306014
0,0.042276144
0,0.14927015
0,0.1907032
0,0.10964876
0,0.11684704
0,0.11971933
1,0.06482309
0,0.061371572
0,0.06029247
0,0.2740055
0,0.1250444
1,0.60703367
0,0.25487828
1,0.6973792
1,0.31969726
0,0.057700936
0,0.025441013
0,0.65675753
0,0.10540937
0,0.5584349
0,0.89521885
0,0.40238982
0,0.11527828
0,0.4221051
0,0.1960544
1,0.87470114
1,0.83150256
1,0.9890336
1,0.9832306
1,0.8339139
1,0.76728296
1,0.7871991
1,0.5545461
1,0.48299566
1,0.43520096
1,0.38495088
1,0.6255001
1,0.13904056
0,0.112272926
0,0.03143691
0,0.049307015
0,0.55040795
0,0.020378899
0,0.70125693
1,0.3964682
1,0.23231581
1,0.32618776
1,0.3514957
1,0.4916435
1,0.50959337
0,0.1352946
0,0.12155427
0,0.018447978
0,0.11778611
1,0.5187185
1,0.38888648
1,0.014898321
0,0.16180016
0,0.012712147
0,0.0036361958
1,0.4745083
1,0.3383566
0,0.07279561
0,0.017808618
0,0.022066211
0,0.01401904
0,0.16171025
0,0.53937334
0,0.5845016
1,0.35092866
1,0.87013125
1,0.6359346
1,0.17660584
0,0.051205136
0,0.007993551
0,0.08373744
1,0.007603181
1,0.81121874
1,0.92961895
1,0.92085433
0,0.33116668
0,0.8994324
1,0.86638236
1,0.9185901
1,0.98411787
1,0.8852035
1,0.96749395
1,0.94631207
1,0.6067295
0,0.018930148
0,0.09273859
0,0.019074291
0,0.045688517
0,0.3069431
0,0.68480283
0,0.14570771
1,0.9054597
1,0.9872913
1,0.99550086
1,0.43713316
1,0.67227364
1,0.71339685
1,0.7227071
1,0.6931816
1,0.8701994
1,0.8278674
1,0.8968891
1,0.81443894
0,0.2647011
0,0.106052354
0,0.3236966
1,0.40954313
0,0.94504297
1,0.93741184
0,0.78920573
1,0.5602354
1,0.853981
1,0.9312088
1,0.8156863
1,0.66978526
1,0.07332977
0,0.33732545
0,0.15509135
0,0.24002838
0,0.090375416
0,0.30763248
1,0.368608
0,0.21529874
1,0.46990076
0,0.3634597
1,0.350695
1,0.50828093
1,0.19838394
0,0.41144383
1,0.71370584
0,0.5090284
0,0.18356584
0,0.28761953
1,0.22001262
0,0.44032773
0,0.6537338
0,0.68044
1,0.55703247
1,0.3399114
0,0.18117256
0,0.43868655
0,0.18376704
0,0.50890476
0,0.22326231
0,0.043353524
0,0.045643695
0,0.017386025
0,0.019421691
0,0.031845137
0,0.03705767
0,0.12984726
0,0.12784512
0,0.13296385
0,0.13099422
0,0.14144373
1,0.2375833
0,0.5106652
0,0.49019757
1,0.83366024
0,0.28915375
1,0.69397515
0,0.52431935
0,0.26977825
0,0.09848807
0,0.008694288
1,0.9028294
1,0.83564496
1,0.92404044
1,0.9216028
1,0.804624
1,0.92415375
1,0.9114286
0,0.45664954
1,0.3033237
1,0.35277337
1,0.8292765
1,0.84148276
1,0.83893716
0,0.021669121
0,0.0155135505
0,0.012463045
0,0.005082641
0,0.12916669
1,0.724716
0,0.77716434
0,0.64113337
0,0.47960907
0,0.72304493
0,0.98175955
0,0.33052555
1,0.95164436
1,0.9111006
1,0.91135734
1,0.87973404
1,0.015484816
0,0.03397562
0,0.17000447
0,0.61559165
0,0.2730365
0,0.13329904
0,0.19928667
0,0.2813268
0,0.123537436
0,0.3100774
0,0.5008615
0,0.21381232
0,0.47873598
0,0.63946
0,0.1039514
1,0.9314495
1,0.9157027
1,0.9198344
1,0.97104317
1,0.915281
1,0.96482044
1,0.8497586
1,0.9341817
1,0.89121205
1,0.9085712
1,0.8865503
1,0.7857608
1,0.66023284
1,0.6739679
1,0.40398896
1,0.46327174
1,0.48221382
1,0.38931683
1,0.6764173
0,0.38881686
1,0.13768557
0,0.18425621
0,0.12998869
0,0.34356505
0,0.06115411
0,0.58976614
0,0.71373993
1,0.738184
1,0.89522946
1,0.604953
1,0.5107991
1,0.8991248
1,0.7500256
1,0.40105993
0,0.38670474
0,0.24896516
0,0.15238251
1,0.73553324
1,0.28009543
0,0.32167667
0,0.21463075
0,0.5946729
0,0.71699464
0,0.6435126
1,0.8486852
1,0.95294195
1,0.9354926
1,0.987104
1,0.99401265
1,0.7288114
1,0.33045334
0,0.2064828
0,0.08465138
0,0.12093913
0,0.2681059
0,0.10812907
1,0.34175202
0,0.34170228
0,0.47253948
0,0.09823447
0,0.06277326
0,0.06554913
0,0.35757673
0,0.25002208
0,0.35365596
0,0.11816595
0,0.1942123
1,0.20798281
1,0.4911623
0,0.02759904
0,0.029718062
0,0.23563997
0,0.024225362
0,0.5300137
0,0.7264836
0,0.8666977
0,0.010819888
0,0.33026296
0,0.79134554
1,0.5965358
1,0.7938582
1,0.9372688
1,0.8805192
1,0.85350144
0,0.009147174
0,0.012438333
0,0.012998099
0,0.006353508
1,0.19565098
1,0.22686933
1,0.81691575
1,0.6687725
0,0.02756639
0,0.015160502
0,0.013448472
0,0.023550048
1,0.8508628
1,0.82474226
0,0.49988976
0,0.6615731
0,0.22739872
0,0.62478435
1,0.970793
1,0.94422543
1,0.9525895
1,0.97672856
0,0.8318472
1,0.6122538
1,0.70110625
0,0.5183056
1,0.74806
1,0.56799364
1,0.7529811
1,0.6482012
0,0.34479514
0,0.14435397
0,0.5310762
0,0.15748511
1,0.7146888
1,0.7465742
1,0.96637416
1,0.9163302
1,0.95699996
1,0.9476514
1,0.7697051
1,0.97050875
1,0.9942331
1,0.6869888
1,0.47144327
1,0.68097806
0,0.7779483
0,0.8305694
1,0.4873009
1,0.14620979
1,0.7339835
1,0.98097825
1,0.9760997
1,0.966247
1,0.9696754
1,0.95226955
1,0.9883129
1,0.9813192
1,0.98989093
1,0.98801243
0,0.14433552
0,0.81542224
0,0.032411207
1,0.49883553
1,0.8089833
1,0.9275632
1,0.9530137
1,0.073803976
0,0.48152038
1,0.17928538
1,0.5968016
1,0.7013577
0,0.66290665
0,0.5125781
1,0.07746359
0,0.101233676
0,0.21195717
0,0.3424386
0,0.07414643
0,0.2853492
0,0.19526313
0,0.11893458
0,0.051181003
0,0.411252
0,0.33104578
0,0.096406244
0,0.047942933
0,0.17642342
0,0.058109116
0,0.04298633
1,0.08144328
1,0.1009324
0,0.03399089
0,0.0025460362
0,0.03168607
0,0.008633483
0,0.18866892
0,0.68010116
0,0.18629377
0,0.42485338
0,0.8361415
1,0.96038723
1,0.6034321
1,0.94765306
1,0.8580725
1,0.71295464
1,0.48455027
1,0.87436616
1,0.3096555
1,0.6792171
0,0.605437
0,0.33693826
1,0.037745103
0,0.38551122
0,0.22769052
0,0.13808924
0,0.081658244
1,0.82581407
0,0.15839924
0,0.28688964
0,0.7893529
1,0.6341304
1,0.8543439
1,0.9523595
1,0.9779417
1,0.89592063
1,0.9139569
1,0.9709154
1,0.92586213
1,0.84332013
1,0.24951997
0,0.070882656
0,0.090536796
0,0.03723909
0,0.03615624
0,0.08783582
0,0.27998543
0,0.2418755
0,0.3468224
0,0.075212434
0,0.07593234
0,0.7733295
1,0.90005267
1,0.925858
1,0.8511031
1,0.9522998
1,0.8691331
0,0.8721052
1,0.92150474
1,0.56588227
1,0.56286895
1,0.9865926
1,0.9884884
0,0.934227
0,0.41513747
0,0.19930115
0,0.20854464
1,0.9667822
1,0.9481938
1,0.90922403
1,0.9408508
1,0.98359317
0,0.029809782
0,0.53351754
0,0.17779067
0,0.111913286
0,0.2581466
0,0.7265559
0,0.13960142
0,0.21365398
0,0.13625695
0,0.3494661
1,0.2956934
0,0.20111352
1,0.13539515
1,0.29828432
1,0.6854411
1,0.09309178
1,0.3279322
1,0.40111193
1,0.57986414
1,0.6356722
1,0.3458115
1,0.2629447
0,0.309605
0,0.3788869
0,0.11256708
0,0.15030725
0,0.23078494
0,0.28615126
0,0.3598831
0,0.20504344
0,0.06677779
0,0.21419124
0,0.045469023
0,0.060187623
0,0.12049329
0,0.20637506
0,0.03624828
0,0.034018036
0,0.18738478
0,0.047035348
0,0.23401588
0,0.3761151
0,0.069752835
0,0.10516097
0,0.02878346
1,0.13298279
1,0.3772593
1,0.5176303
1,0.3658659
0,0.639878
1,0.2630581
0,0.28392208
1,0.2444167
1,0.6427415
0,0.77891874
1,0.7259724
1,0.84258056
1,0.7114981
1,0.85282373
1,0.8759212
1,0.8101499
0,0.45368698
0,0.82835543
0,0.49095768
0,0.6819765
0,0.71059585
1,0.7849271
1,0.776766
1,0.68900853
1,0.841279
1,0.96345556
1,0.921456
1,0.9113835
1,0.947997
1,0.97901905
1,0.8492555
1,0.43641406
1,0.42091116
1,0.51000077
0,0.28914255
0,0.048750665
0,0.13511764
0,0.09975374
0,0.024873294
0,0.14436643
0,0.060223684
0,0.09235452
0,0.38440394
0,0.53685546
0,0.24817444
0,0.29905993
0,0.58996034
0,0.2775632
0,0.40003106
1,0.7440445
1,0.5636164
1,0.6955126
1,0.4528897
0,0.014861457
0,0.008239241
0,0.025782302
0,0.00660045
0,0.020425463
0,0.029172383
0,0.09769299
0,0.38314873
1,0.45418397
1,0.29728094
1,0.768547
1,0.27965888
0,0.6582703
0,0.85056067
0,0.80655533
1,0.67242813
1,0.8223008
1,0.9052645
1,0.9721844
1,0.72937644
1,0.9725281
0,0.79145455
0,0.8840128
1,0.74676013
1,0.8271548
1,0.79238534
1,0.39996514
0,0.6371328
0,0.74172443
0,0.7322136
0,0.68285596
0,0.9521003
0,0.61812174
0,0.723585
1,0.48692277
1,0.91990083
1,0.88003474
1,0.7940717
1,0.9626734
1,0.8996807
1,0.944864
1,0.7999102
1,0.4280732
0,0.1922502
0,0.7626016
1,0.47415853
1,0.8974282
1,0.7800454
0,0.32988513
0,0.17186126
0,0.05974679
0,0.09190233
0,0.30360666
0,0.25009534
0,0.9018161
1,0.70498484
1,0.8997574
1,0.84285074
1,0.8770373
1,0.928141
1,0.9857662
1,0.89176
1,0.9437061
1,0.9706817
1,0.9187401
1,0.86335665
1,0.66031015
1,0.70101357
1,0.80671966
0,0.63785845
0,0.68743944
0,0.62520635
0,0.39019075
1,0.8620178
1,0.78434783
1,0.9419344
1,0.8048198
1,0.96915406
1,0.77447146
1,0.8676136
1,0.9079948
1,0.8311676
1,0.7930774
1,0.70967436
1,0.76128936
1,0.9515675
1,0.8088335
1,0.9652874
1,0.9476521
1,0.89183235
1,0.90290785
1,0.7431189
1,0.78241396
1,0.8913374
1,0.95906264
1,0.9590418
1,0.9421695
1,0.8783538
1,0.8527706
1,0.93646324
1,0.20057432
0,0.2555148
0,0.37478048
0,0.29966095
1,0.18935335
0,0.23572503
1,0.3283673
1,0.80719906
1,0.4940554
1,0.7168891
1,0.6288869
0,0.0845079
0,0.27640986
0,0.1397409
0,0.48767534
1,0.9477654
0,0.53699374
0,0.61689276
1,0.58899623
1,0.70789635
1,0.5175072
1,0.25062633
1,0.2661762
1,0.49946246
1,0.28586143
1,0.40500626
1,0.71384215
1,0.6200563
0,0.6788937
0,0.2837815
0,0.4018994
0,0.3320297
0,0.48541173
0,0.69181675
1,0.36330014
1,0.33531567
0,0.51220447
0,0.44927016
0,0.18386292
0,0.033322867
0,0.60521144
0,0.59396785
0,0.8392416
1,0.6729819
1,0.7523845
1,0.32429588
0,0.27077374
0,0.17950599
0,0.2859693
0,0.2863524
0,0.31508964
1,0.49267069
1,0.9522114
1,0.5133964
1,0.62704295
1,0.577102
1,0.5223102
1,0.57115966
1,0.7586205
1,0.6155915
1,0.7134289
0,0.36689353
0,0.7738471
0,0.34760246
0,0.20099287
0,0.25647742
0,0.53219825
0,0.66526306
1,0.3876591
1,0.35939392
1,0.4933014
1,0.47081876
1,0.6550667
1,0.29916662
0,0.31100312
0,0.1918597
0,0.15965843
0,0.19853471
0,0.114519134
0,0.21472372
0,0.09239721
0,0.24187653
0,0.27791408
1,0.56776917
1,0.74416953
1,0.7309231
1,0.5458664
1,0.41879484
0,0.76605636
1,0.47826058
1,0.3148975
1,0.7568179
1,0.16008924
1,0.39644912
1,0.3185211
0,0.73007363
0,0.3896544
0,0.08325119
0,0.16544914
1,0.6717769
1,0.5565681
1,0.69032896
1,0.81128246
1,0.94031066
1,0.9380796
1,0.963043
1,0.9800831
1,0.95160055
1,0.94922423
1,0.92706335
1,0.98072743
1,0.881165
1,0.39094657
1,0.6365486
1,0.5502354
1,0.84870905
1,0.9089389
1,0.8593176
1,0.9480561
0,0.12187688
0,0.12113261
1,0.257445
1,0.047465343
0,0.36146313
0,0.35004672
1,0.16336519
0,0.32748047
0,0.310807
0,0.49364626
0,0.06847793
0,0.54327625
0,0.40262777
0,0.33650905
1,0.64957917
1,0.5011249
1,0.8977325
1,0.46441755
1,0.24208206
1,0.4156541
0,0.093388595
0,0.3164983
1,0.6492549
1,0.43221694
1,0.7437536
1,0.39368728
1,0.62667316
0,0.63852185
0,0.8706751
1,0.48120123
1,0.27853486
1,0.6760706
1,0.5762169
1,0.7555163
0,0.0022757049
0,0.017833758
0,0.024036763
0,0.16841759
0,0.257554
1,0.6830922
1,0.8740817
1,0.5413559
1,0.8990138
1,0.84432185
1,0.566059
1,0.8186891
1,0.93562514
1,0.7059237
0,0.087633565
0,0.1280659
0,0.082728796
1,0.5560172
1,0.7006703
1,0.5012754
1,0.35914037
1,0.29910973
0,0.5320539
0,0.47691658
0,0.16787215
0,0.28181162
0,0.6019714
0,0.54337776
0,0.8865885
1,0.9664767
1,0.98800033
1,0.9774793
1,0.95228755
0,0.08534776
0,0.08184383
0,0.1833099
0,0.030250221
1,0.030471303
0,0.042989574
0,0.34642884
0,0.21539438
0,0.1327136
0,0.057446066
0,0.02565669
0,0.036998793
1,0.06371077
1,0.49449196
1,0.6418428
0,0.06898713
0,0.01413401
0,0.006522175
0,0.019504229
0,0.06586584
0,0.06683741
0,0.031977486
0,0.0566032
0,0.019618208
0,0.05890683
0,0.10100845
0,0.36523488
0,0.33124423
0,0.03762663
0,0.01838137
0,0.64860827
0,0.60241
1,0.5922961
1,0.7467065
1,0.79848987
1,0.8620836
1,0.7739732
1,0.27216187
1,0.5775413
0,0.40217224
0,0.362398
0,0.32427123
0,0.2389311
0,0.34681022
1,0.5832178
0,0.594363
1,0.3122292
0,0.6340551
0,0.65977293
0,0.47068045
0,0.023467837
0,0.10288012
1,0.8509354
1,0.61650556
0,0.43158275
0,0.36117733
0,0.07327799
1,0.22721463
0,0.51156414
0,0.26579493
0,0.32236663
0,0.16664144
0,0.14105093
0,0.1534654
0,0.1495751
0,0.045580454
0,0.44403303
0,0.05630787
1,0.8561262
1,0.55686253
1,0.527959
1,0.64363045
1,0.72318095
0,0.46792215
0,0.2936467
0,0.19416814
0,0.33050266
0,0.47887138
0,0.3195001
0,0.52655196
1,0.2947215
1,0.4592026
0,0.17507115
0,0.103297904
0,0.12289927
0,0.2966511
0,0.30953285
0,0.46190792
0,0.16671978
0,0.13590115
0,0.16158725
0,0.45415914
1,0.11328473
1,0.14513887
1,0.025782343
1,0.0112957135
0,0.007958293
0,0.018476484
0,0.016321767
0,0.040660884
1,0.8755319
1,0.73476636
1,0.54569864
1,0.75330764
1,0.3932342
1,0.31453145
1,0.53767854
0,0.74184996
1,0.6514023
0,0.16960597
0,0.37481245
0,0.8441524
1,0.65296465
0,0.89778256
1,0.8037196
1,0.79826415
1,0.49355936
1,0.2840993
1,0.37216738
0,0.2515617
0,0.23570763
0,0.1785479
0,0.020543147
1,0.28680936
1,0.105877936
0,0.16372636
0,0.09643977
0,0.059026793
0,0.10520815
0,0.1232301
0,0.103961356
0,0.14463243
0,0.18458796
1,0.40965694
1,0.18612748
0,0.035504915
0,0.098058216
0,0.10367274
0,0.16698225
1,0.5234957
1,0.41739318
0,0.36745512
0,0.20582534
0,0.05967249
0,0.049535666
0,0.04728946
0,0.054440364
0,0.065918185
0,0.037754346
0,0.22645845
0,0.11186488
0,0.10526132
0,0.14575131
1,0.9399412
1,0.9417915
1,0.9047971
1,0.8977573
0,0.052564237
0,0.05115668
0,0.13145351
0,0.08099075
0,0.10516332
1,0.058200542
0,0.43372214
0,0.08846713
0,0.1481643
0,0.12903118
1,0.7117953
1,0.8601159
1,0.84608376
1,0.79369015
0,0.44554722
0,0.27028358
1,0.5831444
1,0.8078234
0,0.24811628
0,0.19182634
0,0.2439662
1,0.70235527
0,0.63931775
0,0.8608382
1,0.7715836
0,0.67681587
1,0.6630831
1,0.8288954
1,0.9407313
1,0.9039644
1,0.8507922
0,0.16578135
0,0.18165836
0,0.29891908
0,0.069823645
0,0.7977711
1,0.45236942
1,0.8784135
1,0.93598896
1,0.78545403
0,0.8832469
0,0.63282794
0,0.18038112
0,0.6381183
1,0.2910571
0,0.43635505
0,0.09482026
0,0.27225545
0,0.26064032
0,0.16940849
1,0.05219822
1,0.17050971
0,0.29434878
0,0.18981726
0,0.39524972
0,0.17559053
1,0.41347393
0,0.49640295
0,0.15738466
0,0.09061463
0,0.4300911
0,0.741076
1,0.3807205
1,0.72392935
1,0.7928021
0,0.23016869
0,0.29192498
0,0.19771358
0,0.5141702
1,0.41210127
1,0.922269
1,0.9507377
1,0.8975597
1,0.90946305
1,0.7996023
1,0.7857318
1,0.9551208
1,0.49789792
1,0.7296514
0,0.24455416
0,0.17701152
0,0.04283963
0,0.29579479
0,0.5369035
1,0.35044482
0,0.09266639
0,0.18054476
0,0.10650733
0,0.26182806
0,0.411686
0,0.41949323
0,0.06687124
0,0.1852501
0,0.46281698
0,0.1828898
0,0.0316288
0,0.02216938
0,0.043143604
1,0.9685024
1,0.9949007
1,0.98639363
0,0.07157276
1,0.23173119
1,0.16437165
0,0.2925973
0,0.45127285
0,0.2549623
0,0.1835199
0,0.06050648
0,0.11171361
0,0.026493499
0,0.02710305
0,0.15770514
0,0.043374542
0,0.13498947
0,0.30372757
1,0.65307796
1,0.6607674
1,0.94122946
1,0.9339651
0,0.46055242
1,0.15509692
0,0.18316899
0,0.3343252
0,0.28844467
1,0.20157008
0,0.15222001
1,0.7751525
1,0.5351753
1,0.34490407
0,0.06985911
0,0.38835964
0,0.50514585
1,0.56785727
1,0.9121689
1,0.8509081
1,0.8503403
1,0.7417381
1,0.8108455
0,0.5791225
0,0.44836846
0,0.26743397
0,0.16846116
0,0.06386554
0,0.24059242
0,0.14464217
0,0.10992318
0,0.12961565
0,0.13100226
0,0.8115499
0,0.900638
0,0.5530524
1,0.925841
1,0.9505019
1,0.97923595
1,0.98599803
1,0.98339957
1,0.98948705
1,0.7802428
1,0.8552872
1,0.85622084
1,0.7215751
0,0.072140634
0,0.074187525
0,0.4340065
0,0.15147318
0,0.23236953
0,0.74811137
1,0.8117067
1,0.627006
1,0.7432984
1,0.80794245
1,0.547214
0,0.5119707
0,0.36298865
0,0.7821256
1,0.86806774
1,0.79050976
1,0.9412389
1,0.9265099
1,0.7497393
1,0.94596153
1,0.83167547
0,0.8619512
0,0.25432536
0,0.07270354
1,0.755703
1,0.7551841
0,0.9359686
0,0.8870619
0,0.25872493
0,0.48645765
0,0.3064512
0,0.1538973
0,0.23016383
0,0.39104614
0,0.15055653
0,0.46949258
1,0.62929106
1,0.837581
1,0.85771954
1,0.96187234
1,0.9797004
1,0.9969926
1,0.9396939
1,0.99010545
1,0.9887206
1,0.960959
1,0.98522097
1,0.89708704
1,0.94346315
1,0.9494962
1,0.9498097
1,0.9572684
1,0.95397335
1,0.8548888
1,0.8969004
1,0.69207895
1,0.8391846
1,0.9713883
1,0.97324944
1,0.84446585
1,0.8702495
0,0.17222326
0,0.21204464
0,0.042849123
0,0.121816196
0,0.4466423
0,0.14168675
0,0.35334897
0,0.2072496
0,0.015071022
0,0.013423562
0,0.019040573
0,0.12829936
0,0.43804234
1,0.67873454
1,0.49731028
1,0.862718
1,0.21719584
0,0.12925224
0,0.16926005
0,0.012974948
0,0.011757979
0,0.02416051
0,0.031582907
0,0.07079545
0,0.08019934
0,0.11317788
0,0.075918004
0,0.23752737
0,0.021161944
0,0.31346953
1,0.36779836
1,0.9106564
1,0.9023663
1,0.92153704
1,0.5592581
1,0.5554688
0,0.36467513
0,0.33208728
1,0.6906389
0,0.8631155
0,0.0030705885
0,0.06823037
0,0.2215121
1,0.3386157
0,0.7124635
0,0.8409556
0,0.90032405
1,0.60673195
1,0.5639504
1,0.51340336
1,0.6333549
0,0.41640216
0,0.25802508
0,0.80611426
0,0.54474723
0,0.36243397
0,0.43024397
0,0.25177392
0,0.17519829
1,0.16244727
1,0.37782788
1,0.11583759
0,0.33674297
0,0.17498292
0,0.10944924
0,0.2222836
0,0.2328886
0,0.31802788
0,0.40710047
0,0.53491414
1,0.2776521
1,0.5140514
1,0.6763396
1,0.77260804
0,0.8511845
0,0.61634445
1,0.8289218
1,0.7737513
0,0.95349306
0,0.9246214
0,0.1826865
0,0.15690315
0,0.59407914
1,0.13684382
1,0.47077796
1,0.7572306
1,0.7080661
1,0.28579167
1,0.31936187
0,0.07763722
0,0.07224873
0,0.008773633
0,0.10034931
0,0.3836036
0,0.046022534
0,0.14731604
0,0.0331836
0,0.5452036
0,0.3774304
0,0.6294162
0,0.3902516
0,0.57052344
0,0.6196868
0,0.14154606
0,0.5336521
0,0.6947302
0,0.13011222
0,0.3854764
1,0.12071235
0,0.114265785
0,0.24076498
0,0.6063348
1,0.5088305
1,0.82934844
1,0.9280978
1,0.8868712
1,0.62615675
1,0.31562382
1,0.8443466
1,0.8232743
1,0.66927063
1,0.7832418
0,0.010041333
0,0.49500066
0,0.32642722
0,0.07342733
0,0.09427554
0,0.05880419
0,0.13244595
0,0.10373726
0,0.100060515
1,0.34460253
1,0.56219673
1,0.552711
1,0.54207814
0,0.6102062
0,0.3312118
0,0.39105937
0,0.29704085
0,0.14112492
0,0.20408352
1,0.81221473
1,0.88855445
1,0.9398652
1,0.9636072
1,0.81843346
1,0.9032763
1,0.80293095
1,0.8962059
1,0.12384453
1,0.13347751
1,0.55842495
1,0.2764839
0,0.67878443
0,0.4868628
0,0.26726705
0,0.25429395
0,0.34672144
0,0.7255312
0,0.7718501
0,0.8091533
1,0.65223205
1,0.68891525
1,0.7847226
1,0.5726945
1,0.8459242
1,0.4787261
1,0.4691513
1,0.525213
0,0.3160875
0,0.2787791
1,0.26744154
1,0.31590214
0,0.25643525
0,0.21338616
0,0.19744857
0,0.38503754
1,0.63180006
1,0.7434312
0,0.28557083
0,0.17685333
0,0.1633796
0,0.094937064
1,0.96323746
1,0.98261523
1,0.9946061
1,0.9959942
1,0.98074806
1,0.4490715
1,0.57024413
1,0.21783048
0,0.16711345
1,0.6255603
1,0.27426645
1,0.46826762
1,0.70993143
0,0.5741916
0,0.045198046
1,0.52593815
1,0.4213825
1,0.55466133
1,0.28992584
1,0.63336116
1,0.16409995
0,0.32985482
0,0.43746066
0,0.5891921
0,0.4921069
0,0.10806135
0,0.20780608
1,0.46265322
1,0.40204436
1,0.583837
1,0.55639094
0,0.25016353
0,0.3772745
0,0.28415895
0,0.16223848
0,0.48823592
0,0.35838097
0,0.32538995
0,0.16792311
0,0.46524844
0,0.26226953
0,0.1906218
0,0.10853634
0,0.21727592
0,0.053124752
0,0.2568243
0,0.15899464
0,0.2750335
0,0.21603343
1,0.32144463
1,0.39548457
0,0.29965785
0,0.28672832
1,0.42582172
1,0.5620482
1,0.3043826
1,0.41770503
1,0.2376386
1,0.15840152
0,0.17831782
0,0.3328411
0,0.40869305
1,0.52408993
0,0.53291404
0,0.10370589
0,0.088602856
0,0.030108238
0,0.29932413
0,0.18371329
0,0.08117005
0,0.2516368
0,0.21175253
0,0.30400673
0,0.1994538
0,0.27569535
0,0.7571999
0,0.8146719
1,0.79178864
0,0.47118965
1,0.16735335
0,0.018677358
0,0.09197076
0,0.4254016
0,0.82962877
0,0.26570317
0,0.34180728
0,0.718759
1,0.963083
1,0.9144644
1,0.96580994
1,0.9964904
1,0.9453201
1,0.96997625
1,0.9104116
0,0.54854566
0,0.7173864
1,0.16750246
1,0.3334456
1,0.7900489
1,0.13489504
1,0.5117123
1,0.49300036
0,0.67112356
0,0.82431656
0,0.3815322
0,0.7250182
1,0.5657103
1,0.78848445
1,0.9446106
1,0.92337894
1,0.9362986
1,0.93821955
1,0.9419934
1,0.97480994
1,0.8216447
0,0.20072281
0,0.17574878
1,0.6227807
1,0.9122533
1,0.164006
0,0.33618388
0,0.16378094
0,0.32380888
0,0.7881092
0,0.58900803
1,0.79268897
0,0.7837903
1,0.9132246
1,0.88065463
1,0.53860515
1,0.8820115
1,0.86677486
1,0.60763556
0,0.6568819
1,0.5533798
1,0.5033459
0,0.58112985
0,0.6553327
0,0.70499104
0,0.19438021
0,0.18757035
0,0.37532887
0,0.08589943
0,0.27947715
1,0.16726804
1,0.1757629
0,0.12867935
0,0.102694765
0,0.078790314
0,0.58015585
0,0.13077042
0,0.25347412
0,0.23472656
0,0.89961535
0,0.6313825
0,0.24685358
0,0.397874
0,0.46848616
0,0.31624162
0,0.29056564
0,0.7250104
1,0.7327606
1,0.68269646
1,0.8057398
1,0.7592998
1,0.77867717
1,0.88234216
1,0.23424323
1,0.48411036
1,0.3246343
0,0.3931166
0,0.2354135
0,0.14360505
0,0.12634522
0,0.5904268
0,0.64553607
1,0.74039125
1,0.98062044
1,0.94362986
1,0.9450386
1,0.9575621
1,0.8132597
1,0.964022
1,0.9608874
1,0.94019777
1,0.8465135
1,0.65874225
1,0.6437707
1,0.87947255
1,0.9507657
0,0.7638722
1,0.6015102
0,0.78565073
0,0.10964333
0,0.20904545
0,0.24531715
0,0.18227726
0,0.6887182
0,0.67571473
0,0.011874793
0,0.54498607
1,0.68519944
1,0.7378948
1,0.9790964
1,0.77111787
0,0.817795
0,0.40929195
0,0.051747747
0,0.12883735
0,0.28619552
0,0.095301025
0,0.4218064
0,0.17408642
0,0.64159733
0,0.6080459
0,0.54515386
1,0.8624747
1,0.7506697
0,0.24252
0,0.41825634
0,0.01994295
0,0.25011748
1,0.6958295
1,0.41389105
1,0.6999582
1,0.65948766
1,0.16722392
0,0.035220906
0,0.09672327
0,0.15756829
0,0.6708845
1,0.68284863
1,0.8000554
1,0.8407626
1,0.6632661
1,0.84778905
1,0.95556575
1,0.9065097
0,0.21491848
0,0.35697705
1,0.38894597
1,0.4152833
1,0.6196211
1,0.7994724
0,0.053797677
0,0.10365675
0,0.010328538
0,0.014031833
1,0.33805573
1,0.5729563
1,0.3957258
0,0.31503937
0,0.42243254
0,0.11492
0,0.062849425
0,0.706347
0,0.074587926
0,0.7970986
1,0.93626434
1,0.7444834
1,0.79875076
1,0.8182392
1,0.46236435
1,0.43963003
1,0.24096692
0,0.42207903
0,0.09081081
0,0.26231098
0,0.14333344
0,0.14484142
0,0.1695066
0,0.16021344
0,0.16376843
0,0.16743264
0,0.153105
0,0.26892996
0,0.2437007
0,0.71433264
1,0.78017247
1,0.54750776
1,0.51796985
1,0.9173258
1,0.63593966
0,0.66567284
0,0.19307102
0,0.23740965
1,0.45196682
1,0.4657463
1,0.5390279
1,0.077508196
1,0.6487976
1,0.33735138
1,0.59654695
0,0.42112547
0,0.20257206
0,0.14299741
0,0.27782285
0,0.22580615
0,0.6606947
1,0.47624522
1,0.65760535
1,0.48855093
0,0.106224075
0,0.13424282
0,0.5331698
0,0.13481243
1,0.6249367
1,0.25437936
1,0.628628
1,0.27495345
0,0.085963905
0,0.041433137
0,0.041253597
0,0.019196542
0,0.18600625
0,0.015120571
0,0.016628485
0,0.026630774
0,0.15909575
0,0.42776653
0,0.5213068
0,0.6218843
1,0.8077995
1,0.63946843
1,0.8902767
1,0.9338549
1,0.8703053
1,0.669923
1,0.9316153
1,0.8845362
1,0.82048804
1,0.1736009
0,0.4348273
0,0.21922672
0,0.44413617
0,0.50347173
1,0.9656421
1,0.8955613
1,0.91430914
1,0.98185515
0,0.0706493
0,0.07626056
0,0.024290191
0,0.035402235
0,0.03445086
0,0.011106354
0,0.29413673
0,0.06289206
1,0.7869265
0,0.079567805
0,0.1787635
0,0.00821402
1,0.08671166
1,0.2353515
1,0.45352495
0,0.63532966
1,0.48672476
1,0.72889864
1,0.9180421
1,0.9502859
1,0.9527648
1,0.6397879
1,0.9201853
1,0.9270918
1,0.8985049
1,0.7586595
0,0.81318647
1,0.67679024
1,0.83222836
1,0.76493543
1,0.5457084
1,0.45364562
1,0.71899784
0,0.2784938
1,0.9482892
1,0.7011023
1,0.8252645
1,0.85593724
1,0.9291603
1,0.8056
1,0.9510145
1,0.92364097
1,0.898977
1,0.9591704
1,0.9639719
1,0.95192397
1,0.5860471
1,0.7053523
0,0.51384896
0,0.43392453
0,0.23099837
1,0.3373737
0,0.6208939
0,0.26550367
0,0.3719869
0,0.21002609
0,0.44183284
0,0.208972
1,0.687989
1,0.4180421
0,0.76911443
0,0.7420139
0,0.26834
0,0.34349242
1,0.11042908
0,0.64478064
0,0.871697
0,0.6717396
0,0.3368057
1,0.40955073
1,0.62159014
1,0.61128736
1,0.5256011
1,0.43287644
1,0.5493695
0,0.17107095
0,0.2603513
0,0.14927629
0,0.017691612
0,0.120609544
0,0.07539653
0,0.5371961
1,0.943565
1,0.5555587
0,0.12886913
0,0.11843171
1,0.56636757
1,0.8341399
1,0.6804195
1,0.5545482
1,0.514548
0,0.017958732
0,0.0032917089
0,0.06007153
0,0.5413957
0,0.088654436
0,0.031691
0,0.03263273
0,0.9579664
1,0.5035385
1,0.75273013
0,0.45098948
0,0.57268965
0,0.2712875
0,0.25296348
0,0.69102836
0,0.24586053
1,0.5607733
1,0.52000105
1,0.90001976
1,0.77836454
1,0.3488257
1,0.21856637
0,0.027396144
0,0.21365957
0,0.059101496
0,0.01779237
1,0.2639287
1,0.66610545
1,0.83097667
1,0.82052696
1,0.6866534
1,0.7550014
1,0.8098706
0,0.7075205
0,0.7692303
1,0.51462835
1,0.6106823
0,0.7795834
0,0.7339816
1,0.6393677
1,0.8401069
1,0.8281675
1,0.86400896
1,0.71456164
1,0.7496651
1,0.5965485
1,0.45805126
1,0.16105027
0,0.15790978
0,0.17649244
0,0.1823731
0,0.09705853
1,0.6874819
1,0.5597916
1,0.5414147
0,0.8215068
0,0.17439449
0,0.32399833
0,0.6477964
1,0.7476012
1,0.96031964
1,0.9665173
1,0.96561784
1,0.3569414
1,0.96213317
0,0.08000395
0,0.105644196
0,0.02287226
0,0.012318167
0,0.3043973
0,0.7023104
0,0.47378752
0,0.10479025
0,0.1280186
0,0.11122744
0,0.45368066
1,0.76578164
1,0.6136429
1,0.75449574
1,0.48096004
1,0.703653
1,0.36545053
0,0.36883038
0,0.21812646
0,0.29851034
0,0.14772457
0,0.34660697
0,0.2551394
0,0.47790384
1,0.4886022
1,0.47677326
1,0.47627896
1,0.7606821
1,0.6855055
1,0.65340894
1,0.39306405
0,0.18225321
0,0.32871217
0,0.30709606
0,0.018761922
0,0.20850918
0,0.3050847
0,0.56937736
0,0.22370832
0,0.44690144
0,0.4418318
0,0.11280958
0,0.21482381
0,0.09809346
0,0.20636468
1,0.8752648
1,0.96657246
1,0.7348004
1,0.9217761
1,0.75947446
1,0.77504253
1,0.9606225
1,0.88048315
0,0.062077418
0,0.076196596
0,0.018784918
0,0.01354779
1,0.20642036
0,0.2369424
0,0.21423715
0,0.11606998
0,0.29556406
0,0.0811244
0,0.10245363
0,0.085298076
0,0.24134268
0,0.3153214
1,0.06831952
0,0.50100565
1,0.056037508
1,0.04818835
0,0.15995313
0,0.14109635
0,0.02059872
0,0.03415319
1,0.84860206
1,0.83850795
0,0.90122646
1,0.8035002
1,0.88206804
1,0.8709825
1,0.8505588
1,0.69451326
1,0.7449492
1,0.5156016
1,0.6770072
0,0.48210636
0,0.40074092
0,0.23733209
0,0.57246256
0,0.89629406
0,0.5930747
1,0.71516794
1,0.69099045
1,0.81956416
1,0.6338503
0,0.23599137
1,0.61868614
1,0.21276298
0,0.03961847
0,0.04850036
0,0.14937545
0,0.07654418
0,0.07394259
0,0.03461836
0,0.102964275
0,0.24434102
0,0.032362897
0,0.14167936
1,0.82752323
1,0.5286796
1,0.7298112
1,0.93915766
1,0.61037266
1,0.6789891
0,0.36929938
0,0.5888438
0,0.1393021
0,0.15496974
0,0.0834459
0,0.16761056
0,0.25250867
1,0.5928252
1,0.53945386
1,0.95055026
1,0.9334932
1,0.9423293
1,0.8009897
1,0.49556938
1,0.1123428
0,0.23213334
0,0.39131802
0,0.16362025
0,0.0796556
0,0.18756516
0,0.24767016
0,0.2563583
0,0.1909647
0,0.18603756
0,0.14774062
0,0.04685293
0,0.10571601
1,0.7473291
1,0.7395621
1,0.30582252
1,0.5532627
0,0.09370094
0,0.07104484
0,0.07925318
0,0.030236
1,0.22192463
1,0.22060943
1,0.82719904
1,0.49283364
0,0.6896023
0,0.22739986
0,0.15703325
0,0.2637004
0,0.5030965
0,0.31850836
0,0.17370753
0,0.09339922
0,0.10290908
0,0.1317439
0,0.82612616
1,0.9414677
1,0.9424628
1,0.8668773
1,0.905379
1,0.65191585
1,0.63175184
1,0.8617976
1,0.27747935
0,0.33519182
0,0.1747759
0,0.4430837
0,0.4373483
0,0.12770468
1,0.51362246
1,0.69897383
0,0.809484
0,0.8057788
0,0.39088595
0,0.896805
0,0.53424525
0,0.9541379
0,0.15223864
0,0.40597525
0,0.085221455
0,0.06773192
0,0.06119542
0,0.21264976
0,0.15385458
0,0.20254001
0,0.2036398
0,0.43173605
0,0.35547617
0,0.5413191
1,0.17846744
1,0.5578878
1,0.3004673
1,0.659353
1,0.44306383
1,0.5617442
1,0.85300905
1,0.45113704
0,0.322855
0,0.4904929
0,0.43848255
0,0.32749686
1,0.8524627
1,0.9216858
1,0.92127824
0,0.6868794
1,0.5788794
1,0.95337677
1,0.81053275
1,0.96081996
1,0.9278731
1,0.7385019
1,0.5828364
1,0.14964598
0,0.122257866
0,0.33430693
0,0.05618138
1,0.41141286
1,0.6361652
1,0.3113246
0,0.4990688
0,0.21095295
0,0.11884402
0,0.58262247
0,0.1206741
1,0.4724715
1,0.25990236
1,0.6185759
0,0.39932364
0,0.48294505
0,0.20621371
0,0.5171763
1,0.53930503
1,0.7479291
1,0.79232484
1,0.77303034
1,0.5232556
1,0.40707225
0,0.33688328
0,0.1779457
0,0.661275
0,0.8139775
1,0.5850849
1,0.47695324
1,0.5497056
1,0.80269504
1,0.874359
1,0.54456705
1,0.58343077
1,0.54800373
1,0.7360962
1,0.83557814
1,0.86816895
1,0.7209958
1,0.71286935
1,0.4499238
1,0.39702246
0,0.3218745
0,0.67062336
0,0.52488166
0,0.25037932
0,0.3159916
0,0.32495677
0,0.54271066
0,0.6033415
1,0.4254754
1,0.17511551
0,0.4565663
0,0.746452
0,0.48402253
1,0.29747334
1,0.34420136
1,0.6814448
1,0.5996242
0,0.38961717
0,0.46604642
0,0.47117037
0,0.38925865
1,0.42741895
0,0.18038093
0,0.19808997
0,0.29040498
0,0.03332652
1,0.2250664
1,0.6241234
1,0.8632226
1,0.78359956
0,0.16456074
0,0.572341
0,0.3238441
1,0.77016824
1,0.6023856
1,0.8639121
1,0.8339483
1,0.43107176
1,0.49415293
1,0.3009092
1,0.16370456
1,0.27442095
0,0.15274748
1,0.4539693
0,0.51446444
0,0.2241492
0,0.2387278
0,0.019316783
0,0.2832968
0,0.31000742
0,0.33157676
0,0.19045448
0,0.2368649
0,0.37730476
0,0.84142923
0,0.87539077
1,0.2560816
1,0.16536482
0,0.39675692
0,0.22474286
0,0.63572687
0,0.40734047
0,0.53855723
1,0.6597536
1,0.92016965
1,0.26666182
1,0.90114176
1,0.2012913
0,0.63231343
0,0.305232
0,0.6862053
0,0.64227635
0,0.35975614
0,0.09340619
0,0.10459739
0,0.17975529
0,0.1610218
1,0.7273618
0,0.7411041
1,0.70808095
1,0.7321298
1,0.6939134
1,0.70988303
1,0.78946227
0,0.9235772
1,0.7437358
1,0.28473136
0,0.3550535
0,0.39317518
0,0.03723515
0,0.1623579
0,0.46979016
0,0.5138401
0,0.30651888
0,0.18377763
0,0.3017637
0,0.52199274
0,0.5167081
0,0.44284275
1,0.92830205
1,0.41138232
1,0.9391713
1,0.73592955
1,0.8977534
0,0.076153085
1,0.16046464
0,0.021829039
0,0.023768669
0,0.04547363
0,0.02402128
1,0.24407941
1,0.56292784
1,0.80921596
1,0.86652577
0,0.10771365
1,0.5933199
0,0.26934448
0,0.15335768
1,0.34111232
0,0.20121585
0,0.43257618
1,0.97626776
1,0.7667833
1,0.6991175
1,0.80745316
1,0.0760736
1,0.62816644
1,0.6821567
1,0.84682417
0,0.550534
1,0.3737184
1,0.8450532
1,0.65932804
1,0.8521797
1,0.8379188
0,0.7510349
0,0.27831098
0,0.6132507
0,0.6324873
0,0.796559
0,0.01997693
0,0.054339536
0,0.12300967
0,0.0725316
0,0.07566873
0,0.07549204
0,0.14695269
0,0.5327996
0,0.7489786
1,0.495325
1,0.61728597
1,0.82704675
1,0.9483177
1,0.90674293
1,0.79393953
1,0.90429777
1,0.7769783
1,0.9570769
1,0.75687945
1,0.76399493
0,0.7740295
0,0.503606
0,0.35289925
1,0.43253964
1,0.7948324
1,0.9099743
1,0.73380065
0,0.5103012
0,0.029134622
0,0.8145128
1,0.82861143
1,0.7309224
1,0.90773374
1,0.56902575
0,0.25550753
0,0.07955776
0,0.022494888
0,0.038232002
0,0.693173
0,0.66272515
0,0.14166519
0,0.1659444
0,0.12562439
0,0.066349655
0,0.07148592
1,0.21681257
0,0.30695724
0,0.66737556
0,0.53818494
0,0.34263706
1,0.74333495
1,0.489255
1,0.40361312
0,0.3299828
0,0.7003169
0,0.18566045
0,0.0998598
0,0.43389624
0,0.19708984
0,0.024621319
0,0.456782
1,0.96662515
1,0.8927225
1,0.93579376
1,0.8862438
1,0.9925263
1,0.9780994
1,0.97333115
1,0.9618621
1,0.75086296
1,0.5049511
1,0.93338126
1,0.66253036
1,0.31107906
0,0.20999858
0,0.25932968
0,0.12771012
1,0.11838958
1,0.41104048
1,0.24225454
1,0.23810604
0,0.7519823
1,0.1916381
0,0.3766813
1,0.28944105
1,0.7641908
0,0.6882487
0,0.17568065
0,0.21522275
0,0.32191172
0,0.2998959
1,0.3312549
0,0.37427366
0,0.17056496
0,0.39268538
0,0.11048062
0,0.3257958
1,0.5547876
1,0.7757927
1,0.83620393
1,0.88127756
1,0.7201326
1,0.9462365
1,0.900372
1,0.88150823
1,0.87436265
1,0.9150967
1,0.74765897
1,0.9438404
1,0.879037
1,0.8199689
1,0.83093494
0,0.40989837
0,0.3603464
0,0.6922016
1,0.6812253
1,0.79659784
1,0.9012633
0,0.3247148
0,0.5998851
0,0.44174698
0,0.5464912
0,0.78134346
0,0.87505233
1,0.8302207
1,0.8704924
1,0.9291835
1,0.9566995
1,0.93218356
1,0.93807876
1,0.5535916
1,0.3204601
0,0.21619575
0,0.322707
0,0.53141177
1,0.2134108
1,0.46231028
1,0.6557198
1,0.18446423
1,0.50280744
1,0.35949916
1,0.19516118
0,0.47920498
0,0.06917522
0,0.15826167
0,0.09730125
0,0.3822106
1,0.49471155
1,0.82005656
1,0.5518267
1,0.47828248
1,0.7476258
1,0.3387532
1,0.71071345
1,0.36210686
1,0.47038653
1,0.27082896
0,0.48082426
1,0.9452955
1,0.9051248
1,0.47647774
1,0.59919107
1,0.9400309
1,0.7293901
1,0.87472385
0,0.7225395
0,0.382832
0,0.255286
0,0.20322323
0,0.354657
0,0.055554207
0,0.26273283
0,0.41248643
0,0.3668837
0,0.4180301
1,0.89016426
1,0.65048957
1,0.62951696
0,0.17447226
0,0.46774
0,0.620363
0,0.52478826
0,0.44646117
1,0.70469403
1,0.58140063
1,0.4612743
1,0.8961295
0,0.42100403
1,0.067558944
0,0.37380144
0,0.32787248
0,0.5939672
0,0.602369
0,0.5494908
0,0.766451
1,0.9357368
1,0.90831196
1,0.9193392
1,0.9006501
0,0.03306876
0,0.050640848
0,0.041323528
0,0.019965002
1,0.9065299
1,0.7182939
1,0.8500859
1,0.9210568
1,0.75760055
1,0.6977765
0,0.026561895
0,0.015695088
0,0.12240814
0,0.0016375156
0,0.024398686
0,0.45590815
1,0.6481677
1,0.92488754
1,0.9602319
1,0.94652605
1,0.77420586
1,0.2199237
1,0.05227252
0,0.23095335
0,0.064976476
0,0.008527898
0,0.03236416
0,0.25517878
1,0.1747406
1,0.6886829
0,0.08612169
0,0.33256382
0,0.045518786
0,0.37401697
0,0.037686482
0,0.05437499
0,0.7090126
0,0.53825307
0,0.9007202
0,0.13592236
0,0.122374006
1,0.20434856
0,0.11273423
0,0.11277511
1,0.2302537
1,0.62376106
1,0.70970255
1,0.8023171
1,0.6097619
0,0.12433527
0,0.080504
1,0.21143378
0,0.14319201
0,0.58030957
0,0.47923857
0,0.24622656
0,0.24526326
1,0.77749836
1,0.90513635
1,0.8397989
1,0.8733694
1,0.90552336
1,0.9656988
1,0.8051187
1,0.8962631
1,0.6176294
1,0.7476025
0,0.5791545
0,0.39373133
1,0.37773824
1,0.25024182
0,0.3500403
0,0.4540801
0,0.16253881
0,0.22576633
0,0.43125102
1,0.2265965
1,0.37461203
1,0.8703779
1,0.95435506
1,0.590379
1,0.41071126
1,0.30200046
1,0.10863105
0,0.28151247
0,0.3442095
0,0.092477545
0,0.054308865
0,0.7046048
0,0.94940966
0,0.35045454
1,0.8317576
1,0.801997
1,0.6868201
1,0.9268371
1,0.9146779
1,0.24217696
1,0.68915254
0,0.44744527
0,0.8526345
0,0.08055238
1,0.19234799
1,0.6723786
1,0.32628354
0,0.81834656
0,0.19021454
0,0.12593293
0,0.33175415
1,0.1942425
1,0.5309393
1,0.68933445
0,0.6747517
1,0.53109664
1,0.7173114
1,0.43747503
1,0.3700307
1,0.5189223
1,0.8104308
1,0.6039579
1,0.7546359
1,0.75736123
1,0.9168648
1,0.31181228
1,0.47013408
1,0.5805517
1,0.39994058
1,0.74826306
1,0.7211585
1,0.6970626
1,0.6936812
1,0.69458365
0,0.22508958
0,0.30218232
0,0.20911281
0,0.53901297
0,0.60677016
1,0.47012576
0,0.5054575
1,0.7933264
1,0.5466773
1,0.24211973
1,0.43753335
1,0.19169377
1,0.39698043
1,0.23483303
0,0.38594627
0,0.33077088
0,0.17747307
0,0.3305397
0,0.5091505
0,0.24768373
0,0.18062873
1,0.51931715
1,0.50166535
1,0.83659756
1,0.7485905
0,0.12658997
0,0.11425645
0,0.24130769
0,0.16403122
1,0.49628124
0,0.6361404
0,0.41779456
0,0.66395986
0,0.1599
0,0.23690829
0,0.19591069
0,0.4831991
0,0.6145058
1,0.32861817
1,0.9615621
1,0.98731714
1,0.9307053
1,0.89493185
0,0.34015355
0,0.36367768
0,0.35352737
1,0.5256029
1,0.32470036
1,0.91261524
1,0.9617739
1,0.95184755
0,0.21980652
0,0.11895455
0,0.047699686
0,0.09703755
1,0.83849865
1,0.9475984
0,0.7986649
0,0.22819023
0,0.24669538
1,0.64523745
1,0.8682785
1,0.16973619
0,0.060739323
0,0.040389225
0,0.106292665
0,0.032754038
0,0.054659624
0,0.08478136
0,0.26318905
1,0.8128657
1,0.9505869
1,0.96420836
1,0.7992413
1,0.84936017
1,0.96009856
1,0.8086124
1,0.92120683
1,0.5205262
1,0.613043
0,0.471823
0,0.8011467
0,0.20815304
0,0.10659517
0,0.7009556
0,0.79224014
0,0.7933307
1,0.7422003
1,0.90791965
1,0.9227535
1,0.9590248
1,0.95046765
0,0.082228385
0,0.073063396
0,0.079064064
0,0.048230205
0,0.41343877
0,0.02465611
0,0.040626198
0,0.010760268
0,0.023982827
0,0.06914097
0,0.083500236
0,0.2735969
0,0.2266349
0,0.22815965
0,0.35699454
1,0.20258097
1,0.62011343
1,0.65252215
1,0.62012744
1,0.59318537
1,0.9476805
1,0.28821072
1,0.81741923
1,0.10692281
1,0.06768848
0,0.07516034
0,0.3019804
0,0.04466451
0,0.09565013
0,0.121474184
0,0.023581056
1,0.07206761
1,0.38989392
1,0.11970609
0,0.4978708
0,0.08608986
0,0.07493543
0,0.029827986
0,0.1390927
0,0.5084329
1,0.97115326
1,0.9699902
1,0.97394794
1,0.96959674
1,0.7224749
1,0.5622068
1,0.62422687
1,0.75688773
1,0.8890536
1,0.8497879
1,0.9573419
1,0.90867126
1,0.91342956
1,0.732288
0,0.3872351
0,0.27088028
0,0.6221392
0,0.64429384
0,0.35771388
0,0.073801525
0,0.017327378
0,0.1769569
0,0.35691473
1,0.8852219
1,0.9581913
1,0.98042196
1,0.8848997
1,0.8714632
1,0.9282613
0,0.88198966
1,0.85650724
1,0.7441004
1,0.8480517
1,0.9214735
1,0.9465138
1,0.8791599
1,0.9045063
1,0.91684145
1,0.9469093
0,0.3547056
0,0.54793656
1,0.7019993
1,0.8796808
1,0.8061548
1,0.77722937
1,0.6097878
0,0.15160061
1,0.29846895
1,0.66290027
1,0.16579361
1,0.4057172
1,0.35481006
1,0.5609302
0,0.02910554
0,0.039474294
0,0.2628946
0,0.23778489
1,0.683288
0,0.7336966
0,0.31855455
0,0.11100429
0,0.07264933
0,0.06336136
0,0.16620085
0,0.1769968
0,0.29534188
0,0.09854823
0,0.48458835
0,0.6806087
1,0.40092984
1,0.69338757
1,0.5785573
1,0.6694634
1,0.69217265
1,0.5831355
1,0.52997017
1,0.5161745
1,0.36714247
1,0.11347647
0,0.19568236
0,0.018239303
0,0.59797126
0,0.41260597
0,0.048252545
0,0.30460548
1,0.45481125
1,0.8295821
1,0.82973313
1,0.80567735
1,0.2441754
1,0.6201507
1,0.6198632
1,0.22220883
0,0.22536696
0,0.24029641
0,0.32735202
0,0.1455715
0,0.18683137
0,0.17784005
0,0.29601943
0,0.23614894
1,0.43016675
0,0.1282573
0,0.13608211
0,0.11599082
0,0.21884772
1,0.7383137
1,0.97657144
1,0.97305906
1,0.94009006
1,0.88157874
1,0.5921399
0,0.29523537
0,0.26452902
0,0.031274617
0,0.5214853
0,0.6098423
0,0.44945806
0,0.050581772
0,0.011430536
0,0.2988176
0,0.1406417
0,0.21492764
0,0.574008
0,0.3502768
0,0.12665193
0,0.7949595
0,0.5329543
0,0.09666452
0,0.15526181
0,0.48099595
0,0.6185581
0,0.47490576
1,0.13506788
1,0.83356756
1,0.8018432
1,0.97465396
1,0.97883946
1,0.4391052
1,0.49318278
1,0.18993363
1,0.24189834
0,0.023415752
0,0.027666498
0,0.09844206
0,0.11282137
0,0.5697328
0,0.39903748
0,0.45349437
0,0.72970325
1,0.6367962
1,0.47828516
1,0.6949736
0,0.5747131
0,0.71362805
1,0.36822852
1,0.8114896
1,0.69938815
0,0.24272402
0,0.547177
0,0.028286707
0,0.36399442
0,0.050948
0,0.52962536
1,0.17001857
0,0.05464165
0,0.1009692
0,0.117770486
0,0.45340255
0,0.1713993
0,0.14258945
1,0.315106
1,0.36009434
0,0.5558155
0,0.05266781
1,0.726961
1,0.5761822
1,0.968333
1,0.99144953
1,0.96232456
1,0.90378815
0,0.043673392
0,0.099220835
0,0.021225171
0,0.005010871
1,0.5809913
1,0.8542969
1,0.87215596
1,0.93522453
1,0.6071934
1,0.82528526
0,0.6815976
0,0.37942153
1,0.93642306
1,0.9752926
1,0.96101767
1,0.85093826
1,0.823382
1,0.7219248
1,0.8554386
1,0.8870237
1,0.97895026
1,0.9062087
1,0.9580874
1,0.9266649
1,0.9105197
1,0.8944326
1,0.8944316
1,0.9319638
1,0.9064865
0,0.38592726
0,0.31043917
0,0.75118774
0,0.52727354
1,0.55532956
1,0.5710962
1,0.85588574
1,0.7200106
1,0.8044408
1,0.8115305
1,0.9317251
0,0.24687369
0,0.47374657
0,0.19995688
0,0.16402988
0,0.122995935
0,0.6689401
1,0.9012433
1,0.53113616
1,0.88834405
1,0.7295298
1,0.76938164
1,0.6151294
1,0.594276
0,0.29268914
0,0.08780684
0,0.3386815
0,0.17345122
0,0.5763884
0,0.11560326
0,0.1791995
0,0.2840658
0,0.644945
0,0.6395764
0,0.36668354
1,0.34218284
1,0.877831
1,0.9333736
1,0.8202394
1,0.9258936
1,0.2827906
0,0.6650707
1,0.28150892
1,0.1502302
0,0.32682142
0,0.6807949
1,0.69475627
1,0.7892565
1,0.9544138
1,0.5272659
0,0.32165232
0,0.24875167
1,0.72625864
1,0.5776462
1,0.52678055
1,0.77887374
1,0.57349664
0,0.3304571
0,0.7074575
0,0.54369944
0,0.36980572
0,0.035945892
0,0.24156633
0,0.24163269
0,0.19824632
0,0.3631807
0,0.3815126
0,0.5947578
1,0.7520546
1,0.91272986
1,0.93450004
1,0.8351315
1,0.9436531
1,0.0352026
0,0.34883174
0,0.11011653
0,0.014170308
0,0.06421761
0,0.015121116
0,0.0071244403
0,0.10832471
0,0.06411749
1,0.41163677
0,0.34529477
0,0.49340683
1,0.84615874
1,0.81213427
1,0.8671994
1,0.9093797
1,0.22495995
1,0.62484604
1,0.5158399
1,0.4069843
0,0.19929318
0,0.025595106
0,0.095188804
0,0.0875758
0,0.29865345
0,0.22239625
0,0.21318461
0,0.0865526
0,0.12448181
0,0.033824746
0,0.12200771
0,0.37493694
0,0.19731867
0,0.013622386
0,0.005997111
0,0.002580774
0,0.14892636
0,0.24473542
0,0.5795289
0,0.6967262
1,0.5152339
1,0.7672087
1,0.82990026
1,0.77469856
1,0.8310206
1,0.92666245
1,0.97632706
1,0.9905723
1,0.9532544
0,0.56268454
0,0.71013486
0,0.4128889
0,0.29327804
0,0.62091804
0,0.75236684
0,0.7369672
0,0.5647347
1,0.7574119
1,0.960581
1,0.9046183
1,0.9549219
1,0.739665
1,0.880372
1,0.9309869
1,0.6964197
1,0.8681032
1,0.25965732
1,0.30831173
1,0.6775908
1,0.36902323
1,0.20125633
0,0.48011854
0,0.682385
0,0.049763873
0,0.06068352
0,0.13392413
0,0.26180625
0,0.21941607
0,0.37340084
0,0.04090422
0,0.04975171
0,0.23678488
0,0.28699023
0,0.43295622
0,0.35510808
0,0.5893198
0,0.2135983
1,0.7983033
1,0.33778074
0,0.11036682
0,0.08198574
0,0.0442662
0,0.0356556
0,0.029348737
0,0.119592115
0,0.091918446
0,0.16024724
0,0.06719455
0,0.20687175
0,0.07153379
0,0.024815233
0,0.11522303
0,0.019273328
0,0.07349513
1,0.17556871
1,0.15235975
1,0.38182047
1,0.1362126
0,0.12446626
0,0.10588209
1,0.122760475
1,0.11732379
0,0.1595478
0,0.101321265
0,0.03472906
0,0.2280948
0,0.051669184
0,0.14262393
0,0.16996844
0,0.118097246
0,0.09283899
0,0.07348349
0,0.15075599
0,0.09027819
0,0.3149117
0,0.4892066
0,0.45426026
0,0.26748946
1,0.7487118
1,0.57529163
1,0.88601047
1,0.5274146
1,0.512554
1,0.5134395
1,0.7530474
1,0.7451735
1,0.4709204
0,0.13119617
0,0.12590903
0,0.04907502
0,0.24287595
0,0.471868
0,0.12923856
0,0.20888029
0,0.22624764
0,0.3028632
0,0.535645
1,0.33857182
1,0.50059146
1,0.41861913
1,0.74522257
0,0.35573143
0,0.2720618
0,0.0115697915
0,0.07441962
0,0.15696898
0,0.006271501
0,0.009347391
0,0.055297364
0,0.032901037
0,0.20350301
0,0.33760223
0,0.15678428
0,0.212918
1,0.4926662
1,0.4207949
1,0.1846815
1,0.5285522
1,0.50613195
0,0.65088975
0,0.8385698
1,0.6069384
1,0.3600739
1,0.8365498
1,0.94666815
0,0.43849513
0,0.7181853
0,0.5574394
0,0.29312053
1,0.5453403
1,0.43511173
1,0.5066276
1,0.94409704
1,0.9344301
1,0.42164877
1,0.66895896
0,0.61122066
0,0.45941082
0,0.4916922
0,0.18400173
0,0.17472576
0,0.19150586
0,0.27297488
0,0.37434348
0,0.32351682
0,0.11702982
0,0.5592135
0,0.12803988
1,0.39708194
1,0.507541
1,0.46330124
1,0.52357394
1,0.8259774
1,0.86331433
0,0.7455569
0,0.4104385
0,0.26450047
0,0.19118983
0,0.6388043
0,0.29677498
0,0.1939341
0,0.5721644
0,0.12002467
1,0.58144903
1,0.9700005
1,0.5137585
1,0.9354842
1,0.3280609
1,0.18789418
0,0.1098173
0,0.29877105
0,0.68456054
0,0.63957345
0,0.66098875
0,0.5435704
1,0.030652069
0,0.061585043
0,0.14730152
0,0.3946553
0,0.39622724
1,0.120769404
0,0.090526275
0,0.44476908
0,0.17942436
0,0.2684873
0,0.09112144
1,0.8887374
1,0.89191276
1,0.44027278
1,0.7756029
1,0.88204604
1,0.9004028
1,0.56443745
1,0.9148062
1,0.43495098
1,0.54902333
0,0.21509236
0,0.29375395
1,0.2513888
1,0.27098212
1,0.6318909
1,0.4333794
0,0.056268886
0,0.055225864
0,0.064117834
0,0.061379876
0,0.08153343
0,0.046296913
0,0.02265237
0,0.022759479
0,0.22710401
0,0.36748508
0,0.058722224
0,0.07885509
0,0.2897873
0,0.06362808
0,0.11303085
0,0.050172843
0,0.23046094
0,0.1067996
0,0.0971527
0,0.23874597
0,0.27156287
0,0.2509141
1,0.66899407
1,0.8132866
1,0.6225143
1,0.64331007
1,0.445248
0,0.32273486
0,0.14676932
0,0.010722141
0,0.037907865
0,0.25990722
0,0.18906336
0,0.2165524
0,0.151992
0,0.19737683
1,0.9159875
1,0.9507927
1,0.94765127
1,0.97319895
1,0.91525763
1,0.96536946
1,0.86737764
1,0.8983007
1,0.8533342
1,0.49127725
1,0.3395723
1,0.45216644
0,0.17565106
0,0.118799746
0,0.22130667
0,0.15537815
0,0.14518772
1,0.9033482
0,0.6089903
1,0.45438388
0,0.7289252
0,0.40744486
0,0.19775112
0,0.44331864
0,0.062790275
0,0.22963624
0,0.2298638
0,0.17542097
1,0.15209806
0,0.27381533
0,0.2108447
0,0.3495479
0,0.3503401
0,0.31587133
1,0.30782413
0,0.49154466
0,0.16347794
0,0.57877606
0,0.09731449
0,0.22071339
0,0.56429404
0,0.7105598
0,0.29796344
0,0.88953173
1,0.87648064
1,0.95335543
1,0.8188486
1,0.7357125
1,0.67396414
0,0.19934148
0,0.36743832
0,0.28589192
0,0.26173156
0,0.44367304
1,0.3546115
1,0.705768
1,0.9083511
1,0.92469525
1,0.26223293
1,0.45532775
0,0.0066438876
0,0.037608214
0,0.32168332
0,0.05531515
0,0.3231045
0,0.17878357
1,0.6954042
1,0.22326869
0,0.4000867
0,0.27997065
0,0.4234952
1,0.22351736
0,0.6167187
0,0.36326808
1,0.76162267
1,0.41165262
1,0.42618042
1,0.80739284
1,0.15236266
0,0.12931885
0,0.093600444
0,0.73983234
1,0.97356886
1,0.9901108
1,0.9652334
1,0.95969373
1,0.96768916
0,0.49662665
1,0.6033422
1,0.3955622
1,0.60209465
1,0.8416334
1,0.36154482
0,0.13261618
0,0.34834537
0,0.13796423
0,0.0776925
0,0.25825632
1,0.94079256
1,0.9337276
1,0.99163204
1,0.9855156
1,0.96827847
0,0.38291815
0,0.3234571
0,0.19872688
0,0.71228826
0,0.82687867
1,0.92719114
1,0.43443653
1,0.96742
1,0.76632434
1,0.7114766
1,0.46910778
1,0.1172589
1,0.5571937
1,0.20957412
0,0.24345165
0,0.042047758
0,0.076589406
0,0.27794853
0,0.27966857
1,0.3340931
1,0.30676398
0,0.6248328
0,0.7082879
1,0.69725746
1,0.35438764
0,0.56641716
0,0.7618415
0,0.42106894
0,0.27421027
0,0.36879626
1,0.76998615
1,0.6824205
1,0.86000437
1,0.6097769
1,0.22060432
0,0.29374704
0,0.4017641
0,0.42085692
1,0.9960393
1,0.99028033
1,0.8573932
1,0.96785116
1,0.979983
1,0.95558167
1,0.98702383
1,0.84057075
1,0.8782948
1,0.7387954
1,0.57941294
1,0.303639
0,0.27215686
0,0.1616538
0,0.23553903
0,0.13467674
0,0.20064339
0,0.3854426
0,0.31474394
0,0.3020485
0,0.75073504
0,0.5778338
0,0.2483927
1,0.6355356
1,0.9180339
1,0.87897825
1,0.5973818
0,0.90494394
1,0.868176
1,0.9144092
1,0.20652694
0,0.0602663
0,0.07226937
0,0.013181766
1,0.2918621
0,0.7745252
1,0.46375385
1,0.5182322
1,0.5857237
1,0.91456074
1,0.956848
1,0.55796266
0,0.64610606
0,0.4717545
1,0.742245
1,0.88230777
1,0.6194316
1,0.82273746
1,0.5304406
0,0.13808903
0,0.2650287
0,0.18339136
0,0.31644168
0,0.6579284
1,0.7102765
1,0.40450427
1,0.76265365
1,0.81595623
0,0.300171
0,0.20959593
1,0.70457405
1,0.70437443
1,0.7445489
1,0.86325616
1,0.536983
1,0.4367644
0,0.7044522
0,0.63677174
0,0.27997482
0,0.5206771
0,0.45659345
0,0.45798555
0,0.18136092
0,0.43140265
1,0.76538676
1,0.95452064
1,0.972194
1,0.86984116
1,0.3367819
1,0.47299597
1,0.6221792
0,0.5005424
0,0.10202862
0,0.27007684
0,0.28936258
1,0.2609739
1,0.66768765
1,0.80363876
1,0.535854
1,0.6218579
1,0.15245275
1,0.15643825
1,0.38223
1,0.42193457
0,0.4671498
0,0.42929262
0,0.15059331
1,0.5760118
1,0.7280379
1,0.9050902
1,0.6153501
0,0.36789784
0,0.19423656
0,0.16932538
0,0.504273
1,0.3850104
1,0.71354944
1,0.32403472
1,0.5008181
1,0.29704857
0,0.38169777
0,0.26836044
0,0.17192876
1,0.39254528
1,0.598901
1,0.915047
1,0.92336625
1,0.60465765
1,0.5366045
1,0.34967586
0,0.6362659
0,0.23050636
1,0.45390168
1,0.4030633
0,0.6380242
0,0.18265456
0,0.40383035
1,0.3257084
1,0.4034928
1,0.9110359
1,0.74275935
1,0.6928
1,0.7158093
1,0.6655766
1,0.61515266
1,0.26130185
1,0.22193006
1,0.34133965
1,0.65564406
1,0.5998621
1,0.3024904
1,0.3318658
0,0.69386333
0,0.271531
0,0.05167947
0,0.20287593
1,0.29474995
1,0.7942514
1,0.7914554
1,0.95306367
1,0.3300709
1,0.20780379
0,0.5564821
0,0.1462814
0,0.3797752
0,0.59396666
1,0.25813156
1,0.7613778
1,0.86375093
1,0.47197542
0,0.6170712
0,0.07979106
0,0.049236875
0,0.09073795
0,0.8494429
1,0.970525
1,0.31657708
1,0.24614517
0,0.17737603
0,0.12444729
0,0.21086766
0,0.047420662
0,0.4681366
0,0.16156861
0,0.089631796
0,0.18742408
0,0.20359048
0,0.45063585
0,0.16222052
0,0.022614835
0,0.010023743
0,0.23778829
0,0.06540134
1,0.4331025
0,0.31223714
0,0.14889576
0,0.10033947
1,0.16414317
1,0.28801554
0,0.10398617
0,0.037173595
0,0.17035024
0,0.1670795
1,0.2204991
0,0.62529325
0,0.8566305
0,0.9145339
0,0.18693945
0,0.7031866
1,0.15916382
1,0.8401252
1,0.9655889
1,0.8490558
1,0.92442393
1,0.76792884
1,0.6721781
1,0.6392512
0,0.81104755
0,0.9593222
0,0.6004305
0,0.81236535
1,0.37132633
1,0.1332752
0,0.97148997
0,0.75647664
0,0.6063733
0,0.871978
1,0.18556036
1,0.810613
0,0.52063894
0,0.81722206
1,0.70811045
1,0.6269275
1,0.7206262
1,0.41924727
0,0.4690495
0,0.4669258
0,0.11972272
0,0.5063277
0,0.5165776
0,0.4486188
0,0.24460411
0,0.3402168
0,0.6293496
0,0.42270398
1,0.20123369
1,0.43893215
1,0.39785564
1,0.3135511
0,0.32661736
0,0.19722427
0,0.15102725
0,0.36419308
0,0.09298207
0,0.11961233
0,0.43427235
0,0.08905776
1,0.63247824
1,0.85322917
1,0.91323334
1,0.5102599
1,0.31420615
1,0.40320364
0,0.5071495
0,0.58347714
0,0.263715
1,0.03203877
0,0.14001022
0,0.15391125
0,0.075836405
0,0.07032684
0,0.028431028
0,0.16079547
0,0.08302302
0,0.23845428
0,0.45386073
0,0.82840115
0,0.67945075
0,0.107952915
0,0.5806842
0,0.28047246
0,0.79961556
1,0.9069397
1,0.8243233
1,0.85535836
1,0.94398123
1,0.6915334
1,0.4070141
1,0.6009535
0,0.6848723
0,0.37797365
0,0.3914473
0,0.04663825
0,0.2191141
0,0.2838511
0,0.27092
0,0.1267319
0,0.16169982
0,0.15391724
0,0.25011623
0,0.9791935
1,0.7791137
1,0.8627921
1,0.83372563
0,0.4365168
1,0.55475634
1,0.33628294
1,0.93931216
1,0.5243796
1,0.7499697
1,0.80470574
0,0.53050894
0,0.3578766
0,0.38649043
1,0.10275579
1,0.4895994
1,0.6646308
0,0.39772296
0,0.1484343
0,0.009741489
0,0.47043318
0,0.3789334
1,0.5686599
1,0.5579207
1,0.684355
1,0.5171019
0,0.7571954
0,0.7725934
0,0.36464357
1,0.9154836
1,0.78157276
1,0.911214
1,0.88583505
1,0.123173125
0,0.044218708
0,0.10594867
0,0.026554117
0,0.28794074
1,0.26088452
0,0.17473376
0,0.042372707
0,0.023269983
0,0.06727639
0,0.14800574
0,0.63966453
0,0.62043
0,0.52410346
0,0.095408216
0,0.26420534
0,0.3947935
1,0.22655702
1,0.36645034
1,0.26361042
1,0.68227124
0,0.23590934
0,0.40600255
0,0.08837306
0,0.4203804
1,0.5318168
1,0.42426386
1,0.52558917
1,0.6972623
0,0.26405525
0,0.096051134
0,0.2719586
0,0.2312481
1,0.24716645
1,0.56029487
1,0.7679836
1,0.7251701
1,0.48529458
1,0.8989471
1,0.29905638
0,0.60159135
0,0.07251399
0,0.03197965
0,0.18651131
0,0.4513317
0,0.425152
0,0.5352022
1,0.50728357
1,0.5367675
1,0.868775
1,0.83035225
1,0.96889305
1,0.902223
1,0.90150833
1,0.9280296
1,0.38162813
0,0.0477304
0,0.39867118
0,0.12181994
1,0.09220115
1,0.6047648
1,0.09915477
1,0.17372695
0,0.004761507
0,0.011862964
0,0.02151048
0,0.08317132
0,0.9037189
0,0.8076526
1,0.67599684
1,0.83558446
1,0.49814594
1,0.14466019
0,0.4976243
0,0.15397333
0,0.4302678
1,0.36862922
1,0.33052465
1,0.2129527
1,0.7181355
0,0.543876
0,0.46936065
0,0.40714306
1,0.46528333
0,0.21548256
0,0.46796355
0,0.2495524
0,0.18800265
0,0.2944614
0,0.11519807
0,0.4515908
0,0.28708795
0,0.30853167
0,0.5544614
0,0.100122064
0,0.5679436
1,0.9571628
1,0.9813623
1,0.847754
1,0.9650634
1,0.67014056
0,0.3245517
0,0.0030459475
0,0.12570328
1,0.28479692
1,0.7702435
1,0.8392986
1,0.6599315
0,0.73796946
0,0.18398933
0,0.5160245
0,0.6849281
1,0.97063845
1,0.8011241
1,0.9287486
1,0.98273265
1,0.92858887
1,0.93788326
0,0.19694696
0,0.66871595
0,0.08288531
0,0.055139396
0,0.16359757
0,0.756665
1,0.84310716
1,0.7367156
1,0.9746899
1,0.89243615
0,0.034566917
0,0.07302745
0,0.46314448
0,0.7636639
1,0.9568565
1,0.85876006
1,0.72913367
1,0.9515471
1,0.95116776
1,0.7340407
0,0.84052175
1,0.70716476
0,0.2322182
0,0.15318975
0,0.8408917
0,0.8443473
1,0.49182266
0,0.7328458
0,0.68767226
0,0.4545782
0,0.06810959
0,0.04768694
0,0.29240233
0,0.20189872
0,0.19540195
0,0.552254
0,0.31225282
0,0.024211207
0,0.45660564
0,0.51135474
0,0.05117724
0,0.010623348
0,0.19533461
0,0.011644539
0,0.13594979
0,0.019955702
0,0.16039959
1,0.5144922
0,0.055677813
1,0.45666963
1,0.4777378
1,0.5825035
0,0.4770087
0,0.5916814
0,0.46979916
0,0.6611373
0,0.7933932
1,0.10333934
1,0.72066164
1,0.85719025
1,0.9736169
1,0.7761648
1,0.53465813
1,0.5308776
0,0.031197822
0,0.019466799
0,0.108540215
0,0.16151975
0,0.28994662
1,0.7065856
1,0.8527331
1,0.9268041
1,0.8202861
0,0.6770436
0,0.23086548
0,0.28901452
1,0.64756405
1,0.6526359
1,0.6977052
1,0.28227538
1,0.5716632
0,0.03911533
0,0.09398364
0,0.08380485
0,0.039894145
1,0.7733301
1,0.9806074
1,0.8762076
1,0.572928
1,0.72971374
0,0.09365997
0,0.37075704
1,0.27306134
1,0.2962262
0,0.43375614
0,0.66608924
0,0.88994884
0,0.34644532
0,0.6204213
0,0.0032407532
1,0.6884078
1,0.8054115
1,0.3274874
0,0.331627
0,0.0909149
0,0.13283539
0,0.18659307
0,0.6150551
0,0.17806049
0,0.21982628
0,0.09568372
0,0.0668054
0,0.14710177
0,0.13709803
0,0.056817465
1,0.83806473
1,0.8069519
1,0.981768
1,0.9396045
1,0.37640917
0,0.40389124
1,0.3568416
1,0.056113895
0,0.19222943
1,0.49316335
0,0.43975526
0,0.06482078
0,0.123828486
0,0.028382806
0,0.058357313
0,0.07942047
0,0.13491008
0,0.112294845
0,0.01941833
0,0.14562099
0,0.07018098
0,0.18255793
0,0.10512296
0,0.028686674
0,0.041732814
1,0.45297873
1,0.82253915
0,0.5680155
0,0.42258134
1,0.40653053
1,0.12651917
1,0.34551734
1,0.8090791
1,0.50111824
0,0.6298344
0,0.4401192
0,0.36675563
1,0.7410036
1,0.72241366
1,0.80762196
0,0.42574877
0,0.11420504
0,0.10859467
1,0.27999845
1,0.17748563
0,0.8016172
0,0.75363547
0,0.5248759
0,0.14182095
0,0.29228485
0,0.46490937
1,0.7818782
1,0.97815144
1,0.9504906
1,0.93060404
1,0.70185983
1,0.44654107
1,0.19735219
0,0.13200083
1,0.15877652
1,0.24287294
0,0.21570875
1,0.63324326
1,0.45057344
0,0.24498174
0,0.4442347
0,0.12774104
0,0.08653893
0,0.15116946
0,0.3490425
0,0.19829427
0,0.07178455
0,0.123441756
1,0.3192284
0,0.49376225
0,0.14741975
0,0.28581515
0,0.14780073
0,0.41731587
1,0.21804777
0,0.8132092
1,0.39072716
1,0.5913558
1,0.88297296
1,0.816594
1,0.7951693
1,0.52329504
1,0.49878582
1,0.15468732
0,0.05112357
0,0.14103167
0,0.29428697
0,0.44503316
1,0.7737694
1,0.8063921
1,0.79232943
1,0.616489
1,0.8523048
1,0.43329346
1,0.7581445
1,0.85803777
0,0.3681339
0,0.2711149
0,0.19327568
0,0.16552936
0,0.27587596
1,0.23105994
1,0.564146
0,0.5715056
0,0.41663462
0,0.09105575
0,0.49518535
0,0.1309289
0,0.051832695
1,0.2959868
1,0.10673746
1,0.13638344
0,0.062260505
0,0.3428553
0,0.14915763
0,0.049310446
0,0.23645142
0,0.075634666
0,0.30100003
0,0.060115933
0,0.27654225
0,0.21911606
0,0.09615274
0,0.029084522
0,0.12382174
0,0.4259448
0,0.42643672
0,0.16079393
0,0.8370622
0,0.43877107
0,0.8750319
1,0.74881387
1,0.9276986
1,0.97138005
1,0.96736044
1,0.9031964
1,0.16451383
0,0.07776979
0,0.06073557
0,0.011273474
0,0.00250872
0,0.03921261
0,0.10272014
0,0.30939206
0,0.038980953
0,0.032078225
0,0.018307116
0,0.037861068
0,0.029587623
0,0.26063818
0,0.17898938
0,0.15845464
0,0.10726272
0,0.3310777
0,0.18834259
0,0.5219949
0,0.6018555
0,0.08089295
0,0.25788432
0,0.13917542
0,0.10287253
0,0.3851478
0,0.24999142
1,0.45859817
1,0.7001245
1,0.95974797
1,0.95613813
1,0.483332
1,0.5679826
1,0.39397815
1,0.52291965
0,0.2313966
0,0.31640965
0,0.37970787
1,0.5595667
0,0.11657931
0,0.16950566
1,0.6647572
1,0.48682714
1,0.95190203
1,0.67306316
1,0.7300134
0,0.26330313
0,0.17123015
0,0.07230514
0,0.06586196
0,0.43401057
0,0.58655685
0,0.5206875
0,0.39107105
1,0.6250242
1,0.8689431
1,0.89708513
1,0.54723084
1,0.13013124
0,0.26170492
0,0.48801687
0,0.39393345
1,0.6106132
0,0.87152666
1,0.97992104
1,0.8567109
0,0.52752286
0,0.534928
0,0.0086052045
0,0.004173628
1,0.82470715
1,0.8098947
1,0.2921781
0,0.013621733
0,0.015173535
0,0.010544502
0,0.022006635
1,0.9299087
1,0.5610984
0,0.30259216
0,0.50981396
1,0.4793543
0,0.33006498
1,0.51463175
0,0.5449763
0,0.2706726
0,0.21228956
0,0.06692481
0,0.20214476
1,0.48462194
1,0.56784046
1,0.7227196
1,0.7021203
1,0.28249896
1,0.35836488
0,0.039527718
0,0.170225
0,0.028493436
0,0.08849693
1,0.14043702
0,0.6950027
1,0.65030694
1,0.5648485
1,0.30515888
0,0.094761856
0,0.30077985
0,0.5265857
0,0.23557995
0,0.070960134
0,0.30491674
0,0.3175473
0,0.51720154
1,0.24901654
1,0.52042824
0,0.9527549
0,0.63886726
0,0.7559211
1,0.6431984
1,0.59750664
0,0.042021222
0,0.014341074
0,0.020458095
0,0.0071197296
0,0.7322644
0,0.8554215
0,0.4651606
0,0.6697103
1,0.9627229
1,0.9106727
1,0.9819433
1,0.97536534
1,0.78334284
1,0.7817107
1,0.8628326
1,0.82864684
0,0.62800807
0,0.43788105
0,0.41374326
0,0.118432336
0,0.29538882
0,0.33126178
0,0.6411247
0,0.88996017
0,0.500263
1,0.47677824
0,0.6071452
0,0.6083588
0,0.64396995
0,0.7345346
0,0.041148853
0,0.01600443
0,0.012979815
0,0.014849133
1,0.19111091
0,0.17489865
0,0.23911048
0,0.33655098
0,0.27176553
0,0.15208691
0,0.07136566
0,0.1860178
1,0.35321605
1,0.44863212
0,0.44494647
0,0.79421145
0,0.7491255
1,0.6186539
1,0.7637373
1,0.9518507
1,0.87551886
1,0.59516096
1,0.6361694
1,0.935195
1,0.6467379
1,0.26271442
0,0.046432298
0,0.07791052
0,0.0752921
0,0.099222094
0,0.22712998
0,0.18636091
0,0.15313704
0,0.16838367
0,0.09637946
0,0.28571996
0,0.3858462
0,0.5409401
0,0.54816055
1,0.9499896
1,0.8054671
1,0.85600704
1,0.9067866
1,0.42193416
0,0.4361077
0,0.21252383
1,0.16738486
0,0.7979025
1,0.4665366
1,0.81607914
1,0.7142367
1,0.7796749
1,0.409179
0,0.77664465
1,0.15866831
1,0.74400777
1,0.96749187
1,0.9684097
1,0.73871356
1,0.040535092
1,0.18124393
1,0.6520383
1,0.07124892
0,0.43675315
0,0.2911444
0,0.25076035
0,0.061737195
0,0.15472375
0,0.5670932
0,0.009596599
0,0.01243545
0,0.096311636
0,0.21260308
0,0.4098456
1,0.8902605
1,0.06789549
0,0.16818635
0,0.0028109776
0,0.0103559075
0,0.047278434
0,0.14785196
1,0.7104673
1,0.97285163
1,0.36727163
1,0.24908935
0,0.078040704
0,0.047178842
0,0.36090553
0,0.15128537
0,0.22151157
0,0.7602459
0,0.16227147
1,0.55121845
1,0.9469217
1,0.97495294
1,0.967545
0,0.21686111
0,0.34738913
1,0.38890058
1,0.40692258
0,0.0820069
0,0.094865285
0,0.45925397
1,0.77620405
1,0.33648437
1,0.35992923
1,0.3277477
0,0.2543421
0,0.17151429
0,0.049228642
0,0.012324962
0,0.19907485
0,0.4105883
0,0.0829241
0,0.43151933
1,0.58584964
1,0.29034773
0,0.3939611
0,0.36283588
0,0.13073668
0,0.38626415
0,0.39636534
0,0.050363906
1,0.6044593
1,0.38307735
1,0.35071364
1,0.70729655
0,0.07347093
0,0.3524464
0,0.23708923
0,0.23922971
1,0.7667119
1,0.53022087
1,0.84056157
0,0.2662269
1,0.2588807
1,0.9039201
0,0.33972043
0,0.24002695
1,0.65427256
0,0.7547171
0,0.3900017
1,0.5855892
1,0.24698105
1,0.74911267
1,0.36933023
1,0.5074889
1,0.8699439
0,0.30615893
1,0.64089364
0,0.45508248
0,0.11136906
0,0.030631477
0,0.17450123
1,0.41206077
1,0.60393083
1,0.45798185
0,0.83904564
0,0.23285446
0,0.12125218
0,0.09195262
0,0.073802084
0,0.13132243
0,0.2645936
0,0.31948897
0,0.038937733
0,0.10743709
0,0.07509762
0,0.073341146
0,0.27168536
0,0.56031895
0,0.6103092
1,0.6417975
1,0.91347986
1,0.45022836
1,0.75747883
1,0.31483153
1,0.22442733
1,0.28691566
0,0.5639407
1,0.479651
0,0.3909524
0,0.41520232
1,0.09056346
0,0.12905219
0,0.041594278
0,0.1597709
0,0.05192473
0,0.15098433
0,0.06666843
0,0.123806246
0,0.48792565
0,0.031585176
0,0.28296646
0,0.058310706
0,0.042281773
0,0.040913574
0,0.1272915
0,0.48894748
0,0.46797112
0,0.78338605
1,0.7223765
1,0.6573156
1,0.477094
0,0.68564373
0,0.15279175
0,0.10309257
0,0.14834394
0,0.1424292
0,0.3690918
0,0.43776122
0,0.12643935
0,0.1738628
0,0.32125086
0,0.39582542
0,0.42425296
0,0.9079574
0,0.618871
0,0.3046731
0,0.7410196
1,0.262117
1,0.67981195
1,0.57048637
1,0.7177862
0,0.62583023
0,0.41102687
0,0.52201897
0,0.12595768
0,0.51879627
0,0.265756
1,0.56310046
1,0.6202752
1,0.5924812
1,0.760282
1,0.68299085
1,0.9470276
1,0.816241
1,0.34978914
0,0.4018816
0,0.3059687
0,0.040292118
0,0.013088833
0,0.6653804
1,0.77493274
1,0.80676585
1,0.75380987
1,0.774036
1,0.6346033
0,0.9497404
1,0.76188725
1,0.9419151
1,0.8573321
1,0.72725356
1,0.8787302
1,0.7157463
1,0.889249
1,0.9863659
1,0.9648968
1,0.745863
1,0.93631655
1,0.69719255
1,0.76797855
1,0.7740392
0,0.44371518
0,0.026932003
0,0.07066728
0,0.0066469847
0,0.3145473
0,0.098912776
0,0.2938458
0,0.19719924
1,0.26593032
1,0.71244186
0,0.10829949
0,0.086960055
0,0.040568817
0,0.0744973
0,0.014815605
0,0.20089503
0,0.03799609
0,0.16201021
0,0.33817396
1,0.5011861
0,0.34723318
0,0.06304504
0,0.078858234
0,0.43101358
0,0.3930525
0,0.5894392
0,0.39336762
0,0.24953802
0,0.30986974
0,0.3512045
1,0.7717672
1,0.9023541
1,0.93642503
1,0.27176487
0,0.021028815
0,0.017629253
0,0.009403675
1,0.7752533
1,0.84963125
1,0.7894903
1,0.71249247
1,0.2471122
0,0.5234837
0,0.54561186
1,0.28414926
1,0.5075376
1,0.77926695
1,0.0929844
0,0.25185606
0,0.022009281
0,0.08080148
0,0.1633627
1,0.7921576
1,0.71022964
0,0.6266296
0,0.21225886
0,0.01182763
0,0.09996035
0,0.10146268
0,0.114240915
0,0.12644513
0,0.15138099
0,0.07171484
0,0.20127133
0,0.32316583
0,0.70254374
0,0.20462036
0,0.06672588
0,0.07210464
0,0.18359372
0,0.19146265
0,0.23871565
0,0.03938533
0,0.07217659
0,0.05214111
0,0.3252842
0,0.383645
1,0.61460364
0,0.28728068
0,0.043459523
0,0.018729819
0,0.011402773
0,0.013345111
0,0.07700541
0,0.115943976
0,0.07688751
0,0.044560622
0,0.12794499
0,0.59717685
0,0.96222717
0,0.24644393
0,0.03549574
0,0.09978832
1,0.7703816
1,0.84296435
1,0.82808447
1,0.86527747
1,0.5501636
1,0.8035577
1,0.8824469
1,0.45582283
0,0.3244343
0,0.68954766
0,0.23520671
0,0.6598062
0,0.7224327
0,0.85979086
1,0.5980164
1,0.3488343
1,0.19791919
1,0.22305664
1,0.12820768
1,0.2216377
1,0.23113738
0,0.01358916
0,0.161688
0,0.12958619
0,0.012770473
0,0.47468433
0,0.4162959
0,0.26717287
0,0.22675095
1,0.28395766
0,0.25882265
0,0.33712113
1,0.32966414
0,0.18357743
0,0.19393685
0,0.08910638
0,0.33451876
0,0.81545156
1,0.87220967
0,0.79001963
0,0.66768354
0,0.34722722
0,0.063467234
0,0.775292
0,0.9762412
1,0.41639057
1,0.74524695
1,0.8667816
1,0.9474155
0,0.6539834
1,0.42826402
1,0.44412002
1,0.5702613
1,0.5724575
0,0.4553582
0,0.044002913
0,0.038337395
0,0.052196454
0,0.07944475
0,0.4851189
1,0.5434065
0,0.6581197
0,0.29203552
0,0.351453
0,0.034716308
0,0.05260096
0,0.14375933
0,0.1595333
0,0.13754529
0,0.1566337
0,0.056687415
0,0.24494451
1,0.45328057
1,0.7244419
1,0.70136285
1,0.29677525
1,0.5523922
0,0.033592764
0,0.3840586
1,0.4866859
1,0.55530566
0,0.31790978
0,0.47939306
0,0.0995642
0,0.105504416
0,0.06012846
0,0.09923447
1,0.67808515
0,0.069804154
0,0.13618685
0,0.105686806
0,0.2948508
0,0.1063357
0,0.22921969
1,0.101662345
1,0.12339873
0,0.105821595
0,0.19807564
0,0.089389704
0,0.030978233
0,0.06921001
0,0.4164875
0,0.12522933
0,0.07182057
0,0.06650799
0,0.07497942
0,0.04846013
0,0.270309
0,0.08411343
1,0.3884335
0,0.33181614
1,0.2630945
0,0.48523855
0,0.090316616
0,0.1392879
0,0.065195225
0,0.04131397
0,0.22586328
1,0.80859786
1,0.91127735
1,0.8900495
1,0.8482933
1,0.6855868
1,0.634659
1,0.27749458
1,0.19038314
1,0.26963645
1,0.2466396
1,0.16715662
0,0.16404921
1,0.3115075
0,0.3513596
0,0.2932214
0,0.3388181
0,0.23552711
0,0.7892656
1,0.7045542
1,0.5749902
1,0.81794226
1,0.6572331
0,0.3380689
1,0.58884466
1,0.5292009
1,0.3488539
1,0.9185966
0,0.20904587
0,0.4847577
0,0.17729072
0,0.1391742
0,0.22671755
1,0.4846673
1,0.23647904
0,0.19593295
0,0.13484232
0,0.04457441
1,0.09879713
1,0.09987145
1,0.1752436
1,0.06537353
0,0.077955544
0,0.041096676
0,0.04116432
0,0.19127508
0,0.044522576
0,0.07569133
0,0.0761976
0,0.2573135
1,0.76752627
1,0.8522351
1,0.96559095
1,0.93047756
1,0.7999311
1,0.8995739
0,0.6080024
0,0.52758807
0,0.106189996
0,0.11412692
0,0.22708133
0,0.0970965
0,0.16324937
0,0.28059098
0,0.21456371
1,0.38312083
1,0.7406115
1,0.47772247
1,0.40557286
0,0.09258501
0,0.05645933
0,0.017068062
0,0.047024287
0,0.24100675
1,0.28196555
1,0.4237503
1,0.49943796
1,0.8775888
1,0.5182322
1,0.07898289
1,0.10166691
0,0.041622695
0,0.2402133
0,0.06772773
0,0.34226215
1,0.9012533
1,0.92212063
1,0.52320564
1,0.8356311
1,0.8889451
1,0.8139847
1,0.82530576
1,0.9082655
1,0.8572029
1,0.81691235
1,0.70814586
1,0.533942
1,0.26898623
0,0.09561804
0,0.031197896
0,0.046798427
0,0.267589
1,0.14653693
0,0.41340673
1,0.8007902
0,0.42932153
0,0.38926408
1,0.35388845
1,0.6936817
0,0.59582365
1,0.5645072
1,0.7443842
1,0.6792341
1,0.6405943
1,0.7209324
1,0.6010974
1,0.7007502
1,0.73850334
1,0.35392305
0,0.031939257
0,0.07978775
0,0.049342208
0,0.038746566
0,0.20367193
0,0.082609795
0,0.08321401
0,0.29293036
0,0.11842407
0,0.06331802
0,0.16313392
0,0.027808536
0,0.4168023
0,0.3330157
0,0.73751926
1,0.967933
1,0.7845185
1,0.762773
0,0.2988424
0,0.12848733
0,0.04859752
0,0.05683722
0,0.829111
1,0.7613285
1,0.7772279
1,0.92432255
0,0.79092264
1,0.6688507
1,0.93760055
1,0.8337685
1,0.8807021
1,0.81634337
1,0.6246618
1,0.8752964
1,0.87725383
0,0.5084786
0,0.65665466
1,0.349019
1,0.79229516
1,0.8884117
1,0.83494365
1,0.71276397
1,0.86865777
1,0.45849425
0,0.22656913
0,0.13020916
0,0.25256634
0,0.25199735
1,0.6802882
1,0.48572278
1,0.50135535
0,0.10437732
0,0.014647721
0,0.06541919
0,0.06316614
0,0.30160484
0,0.032848753
0,0.26367053
0,0.5579213
0,0.26664543
0,0.14948718
0,0.120137766
0,0.03809748
0,0.14588247
0,0.46715432
0,0.17452362
0,0.18217304
0,0.08037646
0,0.14146404
0,0.19072795
0,0.26593557
0,0.3917125
0,0.6157654
0,0.20784184
1,0.4978744
1,0.14794445
0,0.170833
0,0.3645317
0,0.36722627
1,0.31578892
1,0.40380952
1,0.26410815
0,0.5031854
0,0.28304014
0,0.23192386
0,0.47384775
1,0.5167054
0,0.45518643
0,0.3654309
1,0.21710403
0,0.63258713
0,0.10806505
0,0.32061806
0,0.27626592
0,0.31710756
1,0.8476266
1,0.82741827
1,0.69023716
1,0.80157477
1,0.6194493
0,0.4052435
0,0.30180845
0,0.39514682
0,0.26834434
0,0.45314533
0,0.08241521
0,0.47912693
1,0.4560995
1,0.5353179
1,0.65296924
1,0.4647491
1,0.70771
1,0.30624035
1,0.18338808
0,0.053184845
0,0.16547047
0,0.28907228
0,0.46217024
0,0.06464109
0,0.25919327
0,0.35255015
0,0.32105988
1,0.5477044
1,0.4997579
1,0.8184023
1,0.9137928
1,0.77754843
1,0.48256296
1,0.3952149
1,0.30447805
0,0.12557144
0,0.1330697
0,0.4635603
0,0.066103496
0,0.05422664
0,0.10503747
0,0.17764808
0,0.10939294
0,0.12631358
0,0.47895956
0,0.64518005
1,0.4513958
1,0.57681936
1,0.7848645
1,0.88983303
1,0.8686396
1,0.57241744
1,0.874811
1,0.7653694
1,0.8402936
0,0.6176227
0,0.76900756
0,0.29218572
0,0.10513781
0,0.042838313
0,0.12753628
0,0.087738045
0,0.25580359
0,0.09031785
0,0.23006657
0,0.26390144
1,0.096422374
1,0.45036614
1,0.8786535
1,0.7927689
1,0.8046019
0,0.8938048
1,0.5182026
1,0.73070914
0,0.5577121
0,0.12164274
1,0.14040884
1,0.3075083
1,0.5830749
1,0.8040384
1,0.41266605
1,0.43260732
1,0.7139319
1,0.52166194
1,0.19847962
1,0.770644
1,0.57264054
0,0.4769845
0,0.505459
1,0.83921957
1,0.92238843
1,0.7110094
1,0.947635
1,0.98569983
1,0.8228929
1,0.8679532
1,0.8472744
1,0.91772974
1,0.5887777
1,0.093523845
0,0.31150454
0,0.14783657
0,0.1341432
0,0.3014503
0,0.069793426
0,0.22569525
0,0.33960924
0,0.1179801
0,0.81304324
1,0.84352106
1,0.82462364
0,0.050628804
0,0.37633112
0,0.25954384
1,0.43260735
1,0.8549489
1,0.5753442
1,0.6617684
1,0.12445917
0,0.1116657
0,0.1260569
0,0.010258614
0,0.028327852
0,0.077283844
0,0.199153
0,0.41784567
0,0.66614825
0,0.20040783
0,0.4386093
0,0.1594889
1,0.16911234
1,0.5965312
1,0.8434022
1,0.5519333
0,0.38411033
0,0.64412105
0,0.14204918
0,0.14235944
0,0.08701225
0,0.37177455
0,0.07614697
0,0.11199093
0,0.13787001
0,0.4098409
1,0.68897074
0,0.536583
0,0.13704263
0,0.46591812
1,0.44032127
1,0.27047777
0,0.08534984
0,0.11519809
0,0.10016053
0,0.07640933
1,0.5998981
1,0.5544814
1,0.4385541
0,0.21535192
0,0.33363843
0,0.083490916
0,0.12310538
0,0.61412543
0,0.2524693
0,0.13099071
0,0.029690966
0,0.28804186
1,0.50320995
1,0.87597066
1,0.9222583
1,0.9808184
1,0.46714205
1,0.7212484
1,0.4934696
1,0.47406688
0,0.024184836
0,0.11710435
0,0.24774344
0,0.06945348
0,0.21036962
0,0.51974523
0,0.23375528
0,0.22012232
1,0.9016877
0,0.35227123
0,0.5100297
0,0.70769316
0,0.49603137
1,0.47984257
1,0.6924686
1,0.8029496
1,0.8651179
1,0.88264596
1,0.79985934
1,0.7295908
1,0.39225256
1,0.74031454
1,0.8677441
0,0.21377602
0,0.43532482
0,0.2769268
0,0.37374994
0,0.54438084
1,0.730409
1,0.73538613
1,0.5437614
1,0.7332648
1,0.85405356
1,0.8659599
1,0.86932796
1,0.6904561
1,0.29196525
1,0.7828038
1,0.7854272
1,0.97360444
1,0.98565847
1,0.8862317
1,0.7485956
1,0.7876192
1,0.59739614
0,0.2602265
0,0.073464826
0,0.046066225
0,0.04782734
1,0.49931306
1,0.17749275
1,0.62913454
1,0.45495826
1,0.10923513
1,0.17424393
0,0.23404628
0,0.13873172
0,0.11528077
0,0.021416139
0,0.032741603
0,0.024661714
0,0.7460172
1,0.24682249
0,0.49486867
0,0.4529083
0,0.32274616
1,0.26603922
1,0.60814625
0,0.8484673
0,0.39987224
0,0.10186467
0,0.06021003
0,0.8661855
0,0.29745355
0,0.5718229
1,0.9317834
0,0.6774353
1,0.41549397
1,0.8992511
1,0.9265257
1,0.9542821
1,0.9049742
1,0.58698654
1,0.1424874
1,0.8095761
1,0.31878218
0,0.90926
0,0.17408161
0,0.10659219
0,0.019510627
0,0.5314013
0,0.39107066
0,0.7278935
1,0.6036318
0,0.44091883
0,0.5406852
0,0.245253
0,0.18661383
0,0.5351577
1,0.5096594
1,0.69115204
1,0.20706102
0,0.27365527
0,0.4486174
0,0.3825138
0,0.3109461
0,0.26759514
1,0.8200682
1,0.32452798
1,0.61826545
0,0.6678658
0,0.43815652
0,0.55990833
0,0.24012342
0,0.7465685
1,0.3517045
1,0.42864683
1,0.46156532
1,0.3833795
1,0.649952
1,0.48642978
1,0.44745237
1,0.81053424
1,0.8661324
1,0.8742386
1,0.9862607
0,0.020734413
1,0.7802975
1,0.8315286
1,0.7828026
1,0.79496074
0,0.3667207
0,0.30079183
0,0.79620534
0,0.276536
0,0.27255893
1,0.93226177
1,0.82551545
1,0.18425797
1,0.46146417
0,0.011019779
0,0.10640609
0,0.483671
0,0.17544653
0,0.16470498
0,0.117760524
1,0.06255812
0,0.17977919
0,0.0142092155
0,0.028327648
0,0.05384476
0,0.05433466
0,0.28240034
0,0.17495279
0,0.37416044
0,0.28176713
0,0.4600424
1,0.8599139
0,0.4564889
0,0.17195706
0,0.15674801
1,0.11428486
1,0.2825163
1,0.71684265
0,0.6530253
0,0.051563527
0,0.07065815
0,0.028968832
0,0.03547495
1,0.6458782
0,0.8824682
1,0.7018662
1,0.77095133
1,0.3570076
1,0.28973082
1,0.25217313
1,0.36568782
1,0.18833156
0,0.049168937
0,0.064300686
0,0.40821648
1,0.6977277
1,0.86328274
1,0.4646168
1,0.6201657
0,0.3428432
0,0.11611163
0,0.07597329
0,0.15035366
1,0.8215006
0,0.30535552
0,0.20684372
0,0.24642706
0,0.33411884
0,0.10696943
1,0.09826778
0,0.5345527
0,0.31428453
0,0.5839655
0,0.30217075
1,0.51856226
1,0.3552024
1,0.41483352
1,0.6853112
1,0.32301587
1,0.5460579
0,0.24648134
0,0.043267068
0,0.09627046
0,0.078849554
0,0.07619604
0,0.2371004
0,0.061411757
0,0.31886843
1,0.47886175
0,0.033433523
0,0.18738836
0,0.1837471
0,0.06347585
0,0.013277885
0,0.04327901
0,0.43572187
1,0.32934687
1,0.48219025
1,0.5509094
1,0.59347975
1,0.19856468
1,0.54743063
1,0.52225614
1,0.48086736
1,0.1881632
1,0.65424407
1,0.70945376
1,0.51081425
1,0.19852947
0,0.444464
0,0.14964408
0,0.6577824
0,0.26941153
0,0.3031552
0,0.50088507
0,0.08964374
0,0.2182375
0,0.122270934
0,0.15602696
0,0.09439233
0,0.1546157
0,0.24529411
1,0.578182
1,0.8960103
1,0.59507084
0,0.17724106
0,0.26880357
0,0.07818354
1,0.113332935
1,0.9886807
1,0.9668761
1,0.9688858
0,0.052276567
0,0.020895056
0,0.033168845
0,0.018254174
1,0.52925533
1,0.89629984
1,0.5504392
1,0.6270096
1,0.91184306
0,0.41023082
0,0.5719584
0,0.060266785
0,0.1848981
0,0.11867629
0,0.25325575
0,0.24340588
0,0.8273733
0,0.41734242
1,0.5967812
1,0.5715567
1,0.94099593
1,0.62603265
1,0.6645002
1,0.64410985
1,0.61877877
1,0.3100059
1,0.7651845
1,0.9678348
1,0.8863176
1,0.6369019
1,0.26675868
1,0.48207924
0,0.13561426
0,0.15893291
0,0.18683995
0,0.23581135
0,0.07217962
0,0.06649063
0,0.66059977
1,0.6226428
1,0.17392768
1,0.2805663
0,0.25266916
0,0.2615576
0,0.30758
0,0.40312374
1,0.3458253
1,0.2177277
0,0.29463804
0,0.2063351
0,0.035448514
0,0.12633316
0,0.36294755
0,0.7149166
0,0.5157487
0,0.24176502
0,0.03903406
0,0.14440459
0,0.23128906
1,0.82289016
1,0.8824011
0,0.15459141
0,0.08304038
0,0.10967885
0,0.06193753
1,0.45186657
1,0.73985547
0,0.81671363
0,0.6154275
0,0.16269062
0,0.3042148
0,0.3333984
0,0.7888448
1,0.60556716
1,0.5160532
0,0.7229735
1,0.47407138
1,0.455691
0,0.52656484
0,0.33924407
0,0.2187068
0,0.3370012
1,0.75512415
1,0.9402902
1,0.97502905
1,0.97623664
1,0.95870245
1,0.87271154
1,0.954176
1,0.72716206
1,0.76742846
1,0.96397954
1,0.9400456
1,0.9453084
1,0.6967394
0,0.085098706
0,0.43383786
0,0.17252444
0,0.1511303
0,0.51417464
0,0.34399483
0,0.60230094
0,0.4266856
0,0.6892271
1,0.7941474
1,0.83123606
1,0.8200246
1,0.88246185
1,0.9166943
1,0.95586926
1,0.94052243
0,0.86136657
1,0.30093324
1,0.27040103
1,0.4755808
1,0.17863496
0,0.58592993
0,0.3871149
0,0.32882747
0,0.02520259
0,0.20404941
0,0.017946988
0,0.40109718
0,0.0981928
0,0.0439471
0,0.048482012
0,0.07986268
0,0.10292779
1,0.29176027
1,0.8978746
1,0.8099681
1,0.3799909
0,0.010685957
0,0.008261859
0,0.02058672
0,0.004887395
0,0.3463248
0,0.3891967
0,0.2731845
0,0.20175727
0,0.02097263
0,0.0187153
0,0.08434023
1,0.48119184
1,0.91369826
1,0.89452857
1,0.94658846
1,0.7502074
0,0.202357
0,0.1875557
0,0.19374795
0,0.012686696
1,0.7528801
1,0.799368
1,0.89467967
1,0.8892681
0,0.24295643
0,0.1908986
0,0.02878994
0,0.135867
1,0.79698306
1,0.81288946
0,0.3971255
0,0.062291864
0,0.01380295
0,0.010200154
1,0.37211958
1,0.30925706
1,0.82327974
1,0.3896432
0,0.14130561
0,0.2942652
0,0.21282038
0,0.087359816
0,0.8255551
0,0.59733444
1,0.5198169
0,0.2657884
0,0.102631554
0,0.08345802
0,0.6299023
0,0.13058056
1,0.40575728
1,0.95326626
1,0.8124259
1,0.9112652
1,0.95545125
1,0.7605856
1,0.7105991
1,0.5882188
1,0.76559925
1,0.92412716
1,0.8741019
1,0.20868504
1,0.0842989
0,0.17443502
0,0.23696771
0,0.0067901793
0,0.13499056
0,0.121429555
1,0.14335047
0,0.16136366
0,0.37708014
0,0.6329674
0,0.67028475
0,0.11769399
0,0.28076953
0,0.06441078
0,0.072870135
0,0.07599183
0,0.12298606
0,0.0806049
0,0.09704725
0,0.05245826
0,0.07069794
0,0.16420315
0,0.23582713
0,0.053353153
0,0.25520283
0,0.7555155
0,0.6201219
0,0.8953448
0,0.7230251
1,0.8963766
1,0.8899634
1,0.58452415
1,0.66943634
0,0.095144495
1,0.39116752
1,0.3318383
1,0.4577687
1,0.26189393
0,0.37596473
0,0.41688913
0,0.1854413
0,0.13699454
0,0.018639142
0,0.14943926
0,0.031720072
1,0.88974607
1,0.92969084
1,0.95132446
1,0.96807253
0,0.7521884
1,0.41165793
1,0.118384175
0,0.32803246
0,0.09059998
0,0.06527058
0,0.15875907
0,0.38292357
1,0.339141
0,0.84250784
1,0.8579967
1,0.8480521
0,0.06066567
0,0.033119105
0,0.007232671
0,0.06252942
0,0.23251666
0,0.4623177
1,0.42132416
1,0.77598226
1,0.81509244
1,0.91997075
1,0.9270207
1,0.8780952
1,0.8110093
1,0.77684057
0,0.6918901
0,0.6314675
1,0.1663672
0,0.4431087
1,0.22791399
1,0.37089202
0,0.04614262
0,0.3584622
0,0.025048096
0,0.0406556
0,0.48724678
0,0.3510738
0,0.118014336
1,0.24298464
1,0.7341234
0,0.23735213
0,0.03921279
0,0.13938266
0,0.052682623
0,0.03500353
0,0.069030896
0,0.09649161
0,0.057418484
0,0.27381247
0,0.28048712
0,0.78655535
0,0.6703248
1,0.88863474
1,0.96689147
1,0.98480517
1,0.98292637
1,0.96668553
0,0.95925486
0,0.39627352
0,0.244647
1,0.82727146
1,0.98568326
1,0.89776796
1,0.95236945
1,0.7268459
0,0.4159188
1,0.3920967
0,0.75401247
0,0.061871916
0,0.11469587
0,0.04538078
0,0.0568003
0,0.31575543
0,0.34467062
0,0.15826468
0,0.4490554
1,0.5788734
1,0.71410453
1,0.8545048
1,0.7614809
1,0.39763364
1,0.73179567
1,0.2936983
1,0.15303051
0,0.11937292
0,0.18339469
0,0.2280307
0,0.26831937
0,0.08052973
0,0.1738045
0,0.29435554
0,0.15441193
0,0.51302016
0,0.4293963
1,0.16631906
1,0.5799441
1,0.38840225
0,0.794395
0,0.73555344
0,0.19916748
0,0.015945887
0,0.45503005
1,0.9058164
1,0.8554003
1,0.83671
1,0.7474919
0,0.017403807
0,0.102492645
0,0.04404843
0,0.0052921465
0,0.5307897
0,0.024599744
0,0.074473254
0,0.1805338
0,0.08335765
1,0.1853757
1,0.7709764
1,0.797636
0,0.40412864
1,0.28022286
1,0.30063844
1,0.12660646
1,0.68957776
0,0.088386156
0,0.03187265
0,0.009672961
0,0.037323546
0,0.09839431
0,0.06787183
0,0.015966281
0,0.1797566
0,0.12646112
0,0.07298016
0,0.43720952
0,0.5613775
1,0.56401694
0,0.6544023
1,0.14601351
1,0.30350712
1,0.34159815
0,0.033832595
0,0.06286534
0,0.038933173
0,0.4022138
1,0.03052832
0,0.14906748
0,0.13227245
0,0.049995016
0,0.028716411
1,0.03709626
1,0.80623484
0,0.4304042
0,0.053421725
0,0.007624587
0,0.25059843
1,0.7883162
1,0.93960464
0,0.62464124
0,0.70876455
0,0.711297
0,0.9284578
1,0.8961331
1,0.56041104
0,0.4327867
0,0.40164822
0,0.10755869
1,0.3196935
1,0.59660333
1,0.61999106
0,0.216406
0,0.599348
0,0.109026104
0,0.20810017
1,0.08166642
1,0.2551059
1,0.5916448
1,0.5637301
0,0.60719323
0,0.11001715
0,0.035935655
0,0.39272466
1,0.41016084
1,0.78809863
1,0.57633793
1,0.6358801
1,0.70777917
1,0.54425985
1,0.23026597
1,0.25832596
0,0.18382192
0,0.3878915
0,0.5449463
0,0.32788098
0,0.14587414
0,0.42876917
0,0.5594866
0,0.39569786
0,0.19196527
0,0.43615603
0,0.41802713
0,0.50489783
1,0.0493946
1,0.5279023
1,0.52302504
1,0.56999344
0,0.80121523
0,0.65658534
0,0.70827734
0,0.3875599
1,0.20769884
0,0.4544132
0,0.25271547
0,0.6433921
1,0.1271609
1,0.39979708
1,0.56774455
0,0.52997595
0,0.1655845
1,0.39745444
1,0.3330112
0,0.8457086
0,0.13702604
0,0.12602837
0,0.6209765
