prediction,target
0.27602538,0
0.9468635,0
0.35054588,1
0.6654068,1
0.757397,1
0.9304226,0
0.84828424,1
0.76135427,1
0.75103426,1
0.20711257,1
0.5020926,0
0.1159577,0
0.31724337,0
0.10523739,0
0.5372325,0
0.84154713,1
0.9376938,1
0.96862555,1
0.9008345,1
0.95353985,1
0.9868722,1
0.93256766,1
0.92545205,1
0.8616537,1
0.8409761,1
0.19930653,1
0.385627,1
0.30990475,0
0.025439393,0
0.5563565,0
0.24229752,1
0.4006535,1
0.57302016,0
0.19963266,0
0.15120758,1
0.11305015,0
0.33345732,1
0.45582107,0
0.61864847,1
0.1641499,1
0.15494558,0
0.6086839,0
0.34937137,1
0.8045629,1
0.9698044,1
0.96933526,1
0.6577554,1
0.8532378,1
0.9553997,1
0.85310227,1
0.08258005,0
0.0047110207,0
0.0023133622,0
0.022941997,0
0.12866588,0
0.03525339,0
0.01536608,0
0.01539803,1
0.016924111,0
0.016380277,0
0.038901236,0
0.018813154,0
0.010363951,0
0.023370538,0
0.3008178,0
0.98592806,1
0.99831444,1
0.9845354,1
0.99835306,1
0.9480262,1
0.9314551,1
0.96852726,1
0.97931165,1
0.8052288,1
0.89319146,1
0.9081831,1
0.4926095,1
0.037754506,0
0.020770818,0
0.0010311415,0
0.007475131,0
0.10340802,0
0.29427004,1
0.64257234,0
0.005244381,0
0.052042622,0
0.18862946,0
0.06471871,1
0.32862663,1
0.31304076,0
0.7315727,0
0.9186104,0
0.1349835,0
0.2810273,0
0.8540204,0
0.5153124,1
0.87909704,1
0.8205541,1
0.72663826,1
0.60984707,1
0.7952066,0
0.44912735,0
0.87344563,0
0.30685607,1
0.12714139,1
0.879516,0
0.3116838,0
0.086679086,0
0.52893406,0
0.52824855,0
0.50137407,1
0.81085885,1
0.32824352,1
0.38576904,1
0.70069164,1
0.6220141,0
0.12905116,0
0.025363058,0
0.5617031,0
0.5757796,1
0.54124415,1
0.25163412,1
0.041678764,0
0.4462745,0
0.07713299,0
0.15742683,0
0.15555155,0
0.96854436,1
0.049760867,1
0.007476762,0
0.010397883,0
0.029817253,0
0.0018156243,0
0.022783717,0
0.22727773,0
0.07698931,1
0.9110008,1
0.0022172588,0
0.0167733,0
0.056168407,0
0.0038380441,0
0.82996845,1
0.9270197,1
0.913654,1
0.9719272,1
0.9680703,1
0.93766403,1
0.5716098,1
0.19923756,1
0.33861008,0
0.0048623728,0
0.87160295,1
0.09861488,1
0.054090124,0
0.0044656075,0
0.04150244,0
0.016837755,0
0.009089685,0
0.0046575624,0
0.98837346,1
0.63973075,1
0.008870564,0
0.010630166,0
0.0017691832,0
0.007788801,0
0.006722863,0
0.02141783,0
0.4131089,1
0.8165684,1
0.1746509,0
0.041838,0
0.041362554,0
0.057499204,0
0.40913826,0
0.967668,1
0.06301771,1
0.08600017,0
0.018809354,0
0.015130245,0
0.07366574,0
0.12464111,0
0.060535964,0
0.23833783,0
0.9563759,1
0.3154625,1
0.011944294,0
0.0010057677,0
0.0043050135,0
0.008363315,0
0.016474158,0
0.036214914,0
0.90926,1
0.23698346,0
0.10284154,0
0.060485154,1
0.057033993,0
0.15372837,1
0.083139524,0
0.025867295,0
0.030785825,0
0.12328995,0
0.004307555,0
0.31393233,1
0.32329533,1
0.30824104,0
0.452049,0
0.012357539,0
0.0019745238,0
0.008174271,0
0.9066716,1
0.99535245,1
0.9756254,1
0.6688105,1
0.012072391,0
0.039838266,0
0.011782466,0
0.013569168,0
0.2767766,0
0.93637556,1
0.526756,1
0.38933778,1
0.6714945,0
0.2030418,0
0.009942191,0
0.015972154,0
0.12034553,0
0.3205094,0
0.89638895,1
0.89377224,1
0.89493483,1
0.42868814,1
0.30301017,1
0.42158103,0
0.6435205,1
0.36419374,1
0.07843991,0
0.13002495,0
0.022216791,0
0.16169001,0
0.49114132,0
0.15309231,1
0.098504744,0
0.21034393,0
0.15714799,0
0.16497962,0
0.3157988,0
0.1888441,0
0.7089904,0
0.7295103,1
0.78402764,1
0.42646882,1
0.97846085,1
0.9052928,1
0.7740655,1
0.9866575,1
0.97026414,1
0.84400713,1
0.7532779,1
0.99134433,1
0.88226146,1
0.70409954,1
0.25544205,0
0.10527413,0
0.16333756,0
0.3353303,0
0.3360644,0
0.88636535,0
0.8739392,1
0.97757584,1
0.97161335,1
0.9744078,1
0.9580305,1
0.96339387,1
0.16718222,0
0.061291177,0
0.018776547,0
0.028811112,0
0.010719969,0
0.088675015,0
0.10363682,0
0.060231213,0
0.9946924,1
0.9624101,1
0.95878166,1
0.94567585,1
0.13397683,1
0.012248012,0
0.00046622453,0
0.00916932,0
0.5514674,1
0.7388169,0
0.037625022,1
0.032554146,1
0.12445009,0
0.10515463,1
0.21601878,0
0.21123609,0
0.3873101,0
0.019229544,0
0.034458112,0
0.07814956,0
0.17440629,0
0.31578115,0
0.6314074,0
0.48556206,0
0.10687009,1
0.90383965,1
0.573555,1
0.90524536,1
0.9215406,1
0.103514895,1
0.8453394,1
0.86500233,1
0.951861,1
0.91625273,0
0.06862991,0
0.33328077,1
0.031236785,0
0.08354478,0
0.10760824,0
0.12762125,0
0.5692733,0
0.2661392,0
0.98237216,0
0.949092,1
0.95302314,1
0.78986996,1
0.7209669,1
0.9002703,1
0.007640623,1
0.19453512,1
0.52641815,0
0.006588807,0
0.025383135,1
0.032166895,0
0.010271788,0
0.026970658,0
0.06730521,0
0.009507419,0
0.17224734,0
0.011683963,1
0.69795,1
0.7754335,1
0.5457098,0
0.0936537,0
0.17809574,0
0.2671984,0
0.10888835,0
0.00827904,0
0.030657334,0
0.6227346,1
0.95393056,1
0.44964233,0
0.7826128,0
0.63775235,1
0.49659616,1
0.6219716,1
0.6118766,1
0.68766826,1
0.5527777,1
0.41019604,1
0.313348,1
0.20181349,1
0.6842365,0
0.1372982,0
0.2024359,0
0.31301856,0
0.16202226,1
0.7248706,1
0.82735837,1
0.018520048,0
0.013923162,0
0.97062314,1
0.6125245,1
0.9199338,1
0.9434172,1
0.87968886,1
0.2748339,1
0.19857256,0
0.008136392,0
0.0017584289,0
0.010611071,0
0.006050413,0
0.01340124,0
0.078447394,0
0.024288343,0
0.9878629,1
0.9733713,1
0.88714284,0
0.08327361,0
0.7286917,0
0.073161796,0
0.798295,1
0.68176377,1
0.8396117,1
0.3804166,1
0.1384307,0
0.1886886,0
0.48895693,0
0.98601264,1
0.99609137,1
0.9213458,1
0.79289037,1
0.5251895,1
0.12168969,1
0.635012,1
0.16974989,1
0.026887197,0
0.42747125,0
0.017590059,0
0.119441934,0
0.6170155,1
0.5623105,1
0.9850297,1
0.45935974,1
0.8920296,0
0.8121955,1
0.64113337,1
0.30032364,0
0.41985574,0
0.07100796,1
0.25683305,0
0.58672804,0
0.57379305,0
0.53757536,1
0.921444,1
0.9216611,1
0.7510042,1
0.22666407,1
0.19454323,0
0.29588124,0
0.83224946,0
0.5431728,1
0.23355864,1
0.10476928,1
0.017860534,1
0.04418216,1
0.42068404,0
0.22275127,0
0.04382165,0
0.16458344,0
0.1253546,0
0.3100614,0
0.2589149,1
0.93102777,1
0.87839097,1
0.97746366,1
0.3960717,0
0.8934451,1
0.6809624,1
0.54589516,0
0.897554,1
0.9412885,1
0.9858286,1
0.9614164,1
0.98014647,1
0.9817052,1
0.97581005,1
0.8976302,1
0.9668867,1
0.8726119,1
0.9694317,1
0.9349385,1
0.98624724,0
0.3041254,1
0.98801535,1
0.6380372,0
0.12053941,0
0.120396,0
0.22990353,0
0.504857,0
0.7278617,1
0.9341629,1
0.116215385,0
0.4425798,1
0.46617413,1
0.47574744,0
0.14767613,0
0.0329735,0
0.9442144,1
0.9557562,1
0.22657393,1
0.9805618,1
0.7703331,1
0.3446472,1
0.74120677,0
0.0028186236,0
0.15323421,0
0.07371863,0
0.01884921,0
0.010787377,0
0.0046153264,0
0.005288396,0
0.01256196,0
0.83325136,0
0.111982174,1
0.8792253,1
0.9533626,1
0.7127889,1
0.3957239,1
0.7514124,0
0.10706516,0
0.02069552,0
0.0072066956,0
0.6718893,0
0.060252164,0
0.26270446,0
0.5600558,1
0.9731304,1
0.9847051,1
0.97677755,1
0.9634892,1
0.92399895,1
0.91241133,1
0.43086952,1
0.7903392,1
0.65109766,1
0.8738387,1
0.79348385,1
0.7724452,0
0.46053967,0
0.124394044,0
0.251793,0
0.3033574,0
0.060194544,0
0.7042276,1
0.9744397,1
0.94944656,1
0.96984106,1
0.9911733,1
0.8255783,1
0.08653014,1
0.8065008,1
0.77019304,1
0.9325978,1
0.5788557,1
0.7983198,0
0.3832294,0
0.02075337,1
0.0171044,0
0.023430232,0
0.018691901,0
0.0088016195,0
0.022256238,0
0.0029996668,0
0.13945551,0
0.0037283816,0
0.012647015,0
0.21898521,0
0.874736,1
0.99084824,1
0.969132,1
0.37074062,0
0.0130903525,0
0.7935818,1
0.94162047,1
0.82866013,1
0.8471465,1
0.71988356,0
0.82842904,0
0.32347503,1
0.59920186,1
0.06995278,0
0.98760325,1
0.98350906,1
0.98436207,1
0.98790985,1
0.92135626,1
0.98301095,1
0.958352,1
0.9766363,1
0.9657725,1
0.9579981,1
0.042273737,0
0.0086103035,0
0.034087606,0
0.052553594,0
0.042508516,0
0.02706193,0
0.18404932,0
0.31578416,1
0.46787888,0
0.12964915,0
0.49629888,1
0.19173372,0
0.045589555,0
0.056597356,0
0.7816395,0
0.14426525,1
0.49796674,1
0.76981604,0
0.7897457,1
0.89960384,1
0.7041817,1
0.89775944,1
0.6206928,0
0.80756575,0
0.050864186,1
0.72645843,0
0.30968267,0
0.0036928894,0
0.03416598,0
0.34793139,0
0.981976,0
0.162222,0
0.068284765,0
0.092958905,0
0.45629287,0
0.91351086,0
0.45677286,1
0.43363613,1
0.57240933,0
0.34826368,1
0.8288718,1
0.74096817,1
0.9766178,1
0.9780279,1
0.15739307,0
0.08099749,0
0.3704522,0
0.19113919,0
0.16126633,0
0.8650433,1
0.44116196,1
0.74496216,1
0.9739339,1
0.99324334,1
0.9788524,1
0.22947872,0
0.71999323,0
0.39699635,0
0.4758732,0
0.04540802,0
0.0415044,0
0.021928012,0
0.15795302,0
0.198534,0
0.15249857,0
0.10270274,0
0.068085514,0
0.025347073,0
0.7910914,1
0.7851127,0
0.6664261,0
0.6266495,0
0.9291564,1
0.9446663,1
0.90139866,1
0.9870718,1
0.62536085,1
0.8397024,1
0.9757266,1
0.8810846,1
0.99773943,1
0.99559194,1
0.91507685,1
0.9730768,1
0.78689855,1
0.6568691,1
0.17560567,0
0.033783987,0
0.12940387,0
0.15463185,0
0.10404694,0
0.0066614063,0
0.7794278,0
0.2872851,0
0.9373373,0
0.21905987,1
0.943934,0
0.71749455,1
0.98724127,1
0.42103314,1
0.5768201,1
0.5588651,0
0.061633416,0
0.026879609,0
0.11932186,0
0.4937404,0
0.3441811,1
0.9364373,1
0.3958149,1
0.73939186,0
0.0112785,0
0.081521966,0
0.61264926,1
0.96297467,1
0.9248557,1
0.9641414,1
0.6492076,1
0.4008514,1
0.5541202,0
0.040941454,0
0.05650092,0
0.06206542,0
0.27997708,0
0.027181182,0
0.00779666,0
0.080287896,0
0.47582337,1
0.9593278,1
0.99648625,1
0.9932284,1
0.99342316,1
0.9987227,1
0.95568454,1
0.9938847,1
0.62276465,1
0.57406133,0
0.6824285,0
0.0035035424,0
0.13325584,1
0.90195835,0
0.6891245,1
0.9215287,1
0.9372182,1
0.95356274,1
0.75088483,1
0.6782183,1
0.81835306,0
0.93556243,1
0.8401397,1
0.46482065,1
0.050248723,0
0.14944156,0
0.20174634,0
0.009277753,0
0.47061506,0
0.7496436,1
0.978366,1
0.68234646,1
0.792183,1
0.75833416,1
0.15274052,1
0.9390257,1
0.9014949,1
0.92428464,1
0.9693807,1
0.99664295,1
0.9941298,1
0.9937762,1
0.94555706,1
0.99123603,1
0.9749467,1
0.9882882,1
0.9803871,1
0.9847661,1
0.009599171,0
0.037238594,0
0.038870748,0
0.05362292,0
0.27366576,1
0.9706307,1
0.9777772,1
0.9123227,1
0.70015067,0
0.017326917,0
0.94441324,1
0.64323676,1
0.7455649,0
0.9260362,1
0.51711303,1
0.70603997,1
0.65444976,1
0.99907005,1
0.9244786,1
0.9941339,0
0.19458124,0
0.058166366,0
0.1327626,1
0.87955815,0
0.8845174,1
0.68686527,1
0.4815937,0
0.49194643,1
0.0060954555,0
0.002491165,0
0.00949577,0
0.01267573,0
0.069182865,0
0.06497293,0
0.026586909,0
0.049712915,0
0.02526713,0
0.63904864,1
0.8740873,1
0.9427412,1
0.98191917,1
0.97509164,1
0.8721923,1
0.74016416,1
0.8197817,0
0.8875879,1
0.7492619,1
0.9574519,1
0.15556012,1
0.2882228,0
0.079884484,0
0.0225275,0
0.011002974,0
0.11800795,0
0.9665039,1
0.8284402,1
0.9800922,1
0.9785563,0
0.65328586,1
0.9108102,1
0.8945179,0
0.3777235,0
0.35342482,0
0.933639,1
0.557089,1
0.030577958,1
0.276136,0
0.0021412487,0
0.004059877,0
0.032751925,0
0.9051567,1
0.3308211,1
0.28777996,1
0.04763226,1
0.4173723,1
0.079924546,0
0.02173142,0
0.12569453,0
0.017778113,0
0.00620132,0
0.029761987,0
0.79806024,1
0.031102752,1
0.02813848,0
0.18492584,0
0.007540759,0
0.00797016,0
0.020569762,0
0.05111261,0
0.8547552,1
0.26773414,1
0.08562559,0
0.16137402,0
0.027655527,0
0.3083484,0
0.1418327,1
0.5324453,0
0.020553652,0
0.90865463,0
0.67560196,0
0.8617125,1
0.9789783,1
0.99459034,1
0.98921937,1
0.9820835,1
0.992952,1
0.44611326,1
0.94390374,1
0.97476375,1
0.92245644,1
0.045416076,0
0.019135306,0
0.012945918,0
0.006487207,0
0.01317621,0
0.026054185,0
0.02031769,0
0.028433876,0
0.059038766,0
0.1303996,0
0.5196377,0
0.7081109,0
0.89328474,1
0.90165,1
0.9330286,1
0.96293396,1
0.95478135,0
0.043344192,0
0.63102674,0
0.44488683,1
0.9736805,1
0.98393315,1
0.8806085,1
0.98358876,1
0.7618218,1
0.7243193,0
0.2667503,0
0.2949359,1
0.020532448,0
0.017596329,0
0.877656,1
0.00068105693,0
0.9734263,0
0.5829501,1
0.24991815,1
0.47173458,0
0.016670883,0
0.010020517,0
0.009295051,0
0.053428452,0
0.23089145,0
0.024527345,0
0.022126455,0
0.018642768,0
0.017134983,0
0.02003705,0
0.02956523,0
0.028495908,0
0.07027222,0
0.5113955,0
0.4804885,1
0.26117906,1
0.04461072,0
0.01490924,0
0.031521577,0
0.034125447,0
0.020778026,0
0.111324586,0
0.22219133,0
0.1680714,1
0.019030884,0
0.18228836,0
0.46031895,0
0.050498877,0
0.53216904,0
0.002504993,0
0.008188127,0
0.0065680905,0
0.09419268,0
0.016699849,0
0.0904219,1
0.2608225,0
0.081761464,0
0.608892,0
0.19677699,0
0.5186544,1
0.9665593,1
0.15501027,1
0.09157194,1
0.58975327,0
0.18879475,0
0.05534224,0
0.0680611,0
0.6675929,1
0.87905985,1
0.90412086,1
0.3678038,1
0.5976573,0
0.10471274,0
0.018067284,0
0.07127421,0
0.025386283,0
0.022231044,0
0.87475884,1
0.4085081,1
0.03280427,0
0.024433242,0
0.038793277,0
0.017077781,0
0.24938627,0
0.91980296,0
0.9886991,1
0.9453003,1
0.86563987,1
0.96031487,1
0.952666,1
0.85297537,0
0.8965804,0
0.65733665,1
0.15856992,0
0.01915487,0
0.69614464,1
0.96324116,1
0.9656162,1
0.9925967,1
0.90078086,1
0.6621329,0
0.97759324,1
0.9775693,1
0.98321533,1
0.9918987,1
0.9908185,1
0.9578853,1
0.8493053,1
0.95240384,1
0.60348195,1
0.6835705,1
0.9202633,1
0.8440865,1
0.83313525,1
0.9757841,1
0.9523619,1
0.88154507,1
0.23407304,0
0.64856356,0
0.80055445,0
0.8433252,1
0.99377173,1
0.9617893,1
0.93152624,1
0.7475912,1
0.33980656,0
0.18468806,0
0.5577515,1
0.50645214,0
0.3896363,1
0.32513952,0
0.02872372,1
0.13755107,0
0.88463914,1
0.8459558,1
0.7508834,1
0.3839943,0
0.21787344,0
0.018884778,0
0.11598192,0
0.6562549,0
0.28430986,1
0.78015864,1
0.9404577,1
0.21245527,1
0.24882165,0
0.10460991,0
0.025271626,0
0.05334078,0
0.08412858,1
0.88566005,1
0.94442385,1
0.14464952,1
0.6692007,0
0.0383053,0
0.008404938,0
0.092661306,0
0.003483915,0
0.0454064,0
0.068019204,0
0.94793475,1
0.70995224,1
0.0100026475,1
0.011075898,0
0.0028280378,0
0.0046023033,0
0.016143959,0
0.005167947,0
0.008770272,0
0.85708207,1
0.9737943,1
0.90227073,1
0.96987313,1
0.097752206,0
0.013456763,0
0.0018402489,0
0.005889218,0
0.0026008599,0
0.005404999,0
0.0015389251,0
0.0080935005,0
0.0036734703,0
0.009160981,0
0.005568829,0
0.020969847,0
0.075511225,0
0.07858847,1
0.014080782,0
0.00059677014,0
0.014334815,0
0.0074956124,0
0.03613509,0
0.04107156,0
0.15125677,0
0.105948664,0
0.014306168,0
0.009369591,0
0.7385167,0
0.23040931,0
0.49950048,0
0.8388938,1
0.9680713,1
0.9905895,1
0.7750492,1
0.0527181,0
0.01429449,0
0.22139134,0
0.23649608,0
0.39942217,0
0.85876495,1
0.55018103,1
0.2085992,0
0.13769479,1
0.08525294,0
0.04748323,0
0.405202,0
0.033468023,0
0.3458111,0
0.13926448,0
0.19204128,0
0.09193565,0
0.07553674,1
0.36938947,1
0.84526384,1
0.98162276,1
0.9872219,1
0.9440544,1
0.993701,1
0.964508,1
0.45269856,1
0.9804839,1
0.22238803,1
0.32311156,0
0.3118116,1
0.021341229,1
0.022695644,0
0.012780854,0
0.033194155,0
0.028261462,0
0.007917619,1
0.020831602,0
0.64760935,1
0.38247064,1
0.6680702,1
0.8876843,1
0.7515481,1
0.71424335,1
0.8788381,1
0.7693556,1
0.93964565,1
0.97001326,1
0.5542239,1
0.26623234,1
0.08798349,1
0.021415347,0
0.11482785,0
0.0040250197,1
0.68825716,1
0.110756695,1
0.043545425,0
0.015330158,0
0.0068485853,0
0.0043488177,0
0.034922324,0
0.06345052,0
0.034587942,0
0.013417991,0
0.011191876,0
0.094536655,0
0.071157485,0
0.11490131,0
0.9894696,1
0.9505407,1
0.79875004,1
0.9506498,1
0.2043526,0
0.24177921,0
0.009623152,0
0.054820515,0
0.44202587,0
0.08848219,0
0.34153795,0
0.22998731,0
0.36080554,0
0.36249226,0
0.3209619,1
0.48546052,1
0.9946936,1
0.95777357,1
0.83297306,0
0.2825663,1
0.93778527,1
0.9935409,1
0.9902827,1
0.9846039,1
0.9846799,1
0.041744586,0
0.0027622601,0
0.10672551,1
0.00795875,1
0.33119512,0
0.5856067,0
0.02857703,0
0.021534884,0
0.47580305,1
0.6021369,0
0.33376262,1
0.18749534,0
0.19542907,0
0.594079,0
0.58548796,0
0.096127905,0
0.55554473,0
0.1704128,0
0.4351563,0
0.3331776,1
0.8758122,0
0.9777446,1
0.98176,1
0.69372505,1
0.24146517,1
0.007714861,0
0.0025001818,0
0.037889715,0
0.029534366,0
0.007671353,0
0.04692032,0
0.006973014,0
0.08473553,1
0.12698893,1
0.17540458,0
0.19616143,0
0.47056013,1
0.8658714,1
0.01831704,0
0.08704881,0
0.016077941,0
0.06718726,0
0.005750448,0
0.031164994,0
0.036676552,1
0.4043434,0
0.9520131,1
0.9734234,1
0.8296007,1
0.9527721,1
0.8274173,1
0.901106,1
0.008371047,1
0.025332395,1
0.52448547,1
0.9342346,1
0.034615714,0
0.02775729,0
0.0013741583,0
0.007302198,0
0.004828894,0
0.0058111316,0
0.0034792065,0
0.0033060175,0
0.00067708653,0
0.0016075986,0
0.017652946,0
0.041940298,0
0.27678275,0
0.0038817558,0
0.029307855,0
0.024261015,0
0.026356118,0
0.044438742,0
0.041244805,0
0.009824666,0
0.69879913,1
0.6857238,1
0.20402518,1
0.040427398,0
0.007190552,0
0.004723483,0
0.014007977,0
0.9454783,1
0.8933553,1
0.97277063,1
0.9665264,1
0.90047723,1
0.793196,1
0.9051927,1
0.0658205,0
0.9639144,1
0.9658151,1
0.98452216,1
0.96888417,1
0.097245224,0
0.048323996,0
0.030499902,0
0.26153812,0
0.10542355,0
0.008254459,0
0.19202913,0
0.24121769,1
0.9581184,1
0.9915721,1
0.99892646,1
0.9352284,1
0.5659112,0
0.096816026,0
0.9046071,1
0.936618,1
0.68368894,1
0.17307398,0
0.16243446,0
0.021308128,0
0.47342208,0
0.534916,0
0.83593017,0
0.67687035,1
0.9458644,0
0.3929522,1
0.8313502,1
0.7719421,1
0.35605282,1
0.31556422,1
0.99492246,1
0.9920945,1
0.9592554,1
0.9976696,1
0.5360671,1
0.11889253,1
0.9151577,0
0.33817405,0
0.7091964,0
0.56887436,1
0.963222,1
0.9260445,1
0.95292455,1
0.6740208,1
0.6159376,0
0.37419766,0
0.2696052,0
0.0735951,0
0.20954275,0
0.32227713,0
0.6222475,1
0.9203633,1
0.6626564,1
0.5814653,1
0.60580117,0
0.15608008,0
0.5974253,0
0.82655925,1
0.29375535,1
0.18387768,0
0.0073700175,0
0.010018753,0
0.008163139,0
0.0071526654,0
0.06359055,0
0.02645545,0
0.010748443,0
0.70187557,0
0.552129,1
0.9091,1
0.99206746,1
0.90167636,1
0.98149455,1
0.3751514,0
0.06571261,0
0.89189965,0
0.46177116,1
0.9304573,1
0.9708734,1
0.9904047,1
0.96764266,1
0.85064614,1
0.7594234,1
0.3974795,0
0.6544563,0
0.9246049,1
0.46721962,1
0.99045265,1
0.8872039,1
0.9623446,1
0.85114956,1
0.9545711,0
0.11964149,1
0.6572576,1
0.9126385,1
0.8816496,1
0.92518663,1
0.8196693,1
0.9801041,1
0.97797436,1
0.1386178,0
0.20010625,0
0.2555993,0
0.025344832,0
0.18947265,0
0.12982894,0
0.7787823,1
0.9077982,1
0.97221947,1
0.8080315,1
0.91992885,1
0.8001136,1
0.7588008,1
0.7039966,0
0.076271154,0
0.60080844,0
0.7339061,1
0.5845129,1
0.0067813653,0
0.0031279041,0
0.013721782,0
0.009342696,0
0.0065130373,0
0.7204785,0
0.33433038,1
0.28135702,0
0.0058656423,0
0.4903722,1
0.9775826,1
0.9706902,1
0.9852246,1
0.9616648,1
0.81188476,1
0.8432296,1
0.9064182,1
0.062178135,1
0.0047001718,0
0.0049752155,0
0.0038044162,0
0.0010913613,0
0.0092172325,0
0.020171043,0
0.5399171,0
0.84614664,0
0.95960224,1
0.9332757,1
0.9597047,1
0.83274585,1
0.95217216,1
0.11354037,1
0.7928358,0
0.98248065,1
0.7386823,1
0.9835239,1
0.91107935,1
0.99082154,1
0.9740447,1
0.96411973,1
0.90409946,1
0.8096033,0
0.5322003,0
0.40135226,1
0.92855996,1
0.58342993,1
0.32005724,1
0.80591744,1
0.60025835,1
0.942504,1
0.9796897,1
0.9651669,1
0.89005625,1
0.07315768,0
0.007239167,0
0.13853855,0
0.010971348,0
0.8545148,1
0.55358046,1
0.64033836,1
0.33893654,0
0.035616342,0
0.015182241,0
0.094611935,0
0.07928405,0
0.96996653,1
0.88726616,0
0.019895425,0
0.28984383,0
0.27251774,0
0.30770478,1
0.8728443,1
0.9377269,1
0.19090046,0
0.09925195,0
0.087219074,1
0.9357564,1
0.81043637,1
0.43665904,1
0.23910141,0
0.0044020847,0
0.19910325,0
0.42719993,0
0.59255356,1
0.8717747,0
0.9315972,1
0.9748977,1
0.26397723,1
0.20464908,0
0.00815532,0
0.007964956,0
0.05583735,0
0.48832673,0
0.2967523,1
0.921349,0
0.93900734,0
0.08924009,1
0.022181826,0
0.26430243,0
0.102125525,0
0.017321263,1
0.13639072,0
0.07754103,0
0.09325845,0
0.033169527,0
0.62182724,0
0.641651,1
0.95090073,1
0.9706336,1
0.95330423,1
0.98838985,1
0.5230606,1
0.8316547,0
0.05778904,0
0.052698884,0
0.010446921,0
0.024341341,0
0.03789664,0
0.06589455,0
0.1674883,0
0.03212276,0
0.05846054,0
0.24205361,0
0.139749,0
0.27860025,0
0.23670879,0
0.21575038,0
0.192948,0
0.9486985,1
0.96340865,1
0.9884349,1
0.9630794,1
0.04823705,0
0.0076212026,0
0.08684213,0
0.091753416,0
0.019717142,0
0.020122172,0
0.0025830604,0
0.012496876,0
0.21837279,0
0.07355889,0
0.7360857,0
0.32571405,0
0.06625177,1
0.04858073,1
0.08565573,0
0.0055812085,0
0.010919018,0
0.02554437,0
0.08799996,0
0.5102145,0
0.8836298,0
0.25506708,0
0.28310174,0
0.06711321,0
0.58714783,0
0.040111218,0
0.020976353,0
0.08433968,0
0.17908318,1
0.13869597,0
0.06897094,0
0.1702552,0
0.35072663,0
0.5932094,1
0.88728684,1
0.6626027,1
0.9774208,1
0.9664308,1
0.934473,0
0.9833551,1
0.2323849,0
0.43447036,0
0.7620954,1
0.07330769,0
0.07327328,0
0.004811431,0
0.015897501,0
0.02342723,0
0.86120135,0
0.09002484,0
0.5234079,0
0.03619111,1
0.39891472,0
0.028462332,0
0.07701536,0
0.03329442,0
0.005428556,0
0.103061534,0
0.2707995,0
0.025042815,0
0.19132032,0
0.17657539,1
0.9670404,1
0.9752865,1
0.98483557,1
0.99790436,1
0.9870954,1
0.94199926,1
0.19980362,1
0.87811726,0
0.94270647,1
0.9807129,1
0.8442135,1
0.05383185,0
0.0063498584,0
0.004770212,0
0.0033355046,0
0.046637185,0
0.40663555,1
0.12544583,1
0.15929635,0
0.026869629,0
0.022700157,0
0.49041694,0
0.047218136,0
0.5472835,0
0.8520483,1
0.27991122,0
0.1896155,0
0.16104175,0
0.2285581,0
0.6699673,0
0.8391609,1
0.77088106,1
0.8982962,1
0.8198199,1
0.12081938,0
0.91986305,1
0.8629937,1
0.11481177,1
0.95299256,1
0.76724225,1
0.18402229,0
0.089283906,0
0.008583529,0
0.0206633,0
0.004451064,0
0.0028729837,0
0.0388361,0
0.5131745,1
0.031219747,0
0.19215639,0
0.075837806,0
0.053013597,0
0.16414246,0
0.639334,0
0.31768483,1
0.24956681,1
0.2553832,1
0.23911761,1
0.043215703,0
0.014395455,0
0.01726543,0
0.012017602,0
0.009421411,0
0.011491763,0
0.6383184,1
0.8131223,1
0.0065434813,0
0.0038270496,0
0.01925801,0
0.0016023972,0
0.011821461,0
0.057135712,0
0.8872808,1
0.8080778,1
0.6471382,1
0.77742016,0
0.8181964,0
0.047598332,1
0.5772218,1
0.438479,1
0.8551299,1
0.28357273,1
0.52889234,0
0.48151645,0
0.16882478,1
0.09503518,1
0.97802514,1
0.9283761,1
0.5607529,0
0.38057366,0
0.083349526,1
0.22117613,0
0.1339634,0
0.059229456,0
0.24214427,0
0.78046566,1
0.19821832,1
0.98090565,0
0.5001481,0
0.11593708,0
0.023835575,0
0.09230744,0
0.050025463,0
0.72804505,0
0.023951491,0
0.07384728,0
0.008935226,0
0.0041303406,0
0.0366585,0
0.018378815,0
0.19064306,0
0.15160611,0
0.09990286,0
0.07877464,0
0.9537505,1
0.99419373,1
0.9623685,1
0.99534947,1
0.38187596,1
0.15237288,1
0.68086094,1
0.7060284,1
0.35449705,1
0.4183455,1
0.069084965,0
0.008233836,0
0.70415914,1
0.13327372,1
0.9865513,1
0.9807922,1
0.9504739,1
0.7829085,1
0.73472446,1
0.8286685,0
0.19305372,0
0.15311632,0
0.21305625,0
0.7708079,0
0.8843185,1
0.9031687,1
0.9097899,1
0.9815475,1
0.019347472,0
0.03348085,0
0.007447977,0
0.026931573,0
0.6406504,0
0.086265944,1
0.94044626,1
0.96169156,1
0.15958942,0
0.28795245,0
0.30575386,1
0.45319238,0
0.8198353,0
0.68713766,0
0.43585703,0
0.17624536,0
0.7166881,0
0.9555339,1
0.71806604,1
0.9831404,1
0.76932925,1
0.97775656,1
0.9762689,1
0.9712658,1
0.648605,1
0.46055976,0
0.8619509,1
0.9049594,1
0.63795483,1
0.89849406,1
0.16996498,1
0.23380378,0
0.059748292,0
0.10874743,0
0.8793822,1
0.07446448,0
0.012306833,0
0.0029382445,0
0.005140052,0
0.022413949,0
0.07273991,0
0.29819283,0
0.5676122,1
0.057436492,1
0.1584233,0
0.023981614,0
0.02209331,0
0.0015540271,0
0.02177529,0
0.0048353374,0
0.32900304,0
0.024061235,0
0.25637534,0
0.22733854,1
0.9593133,1
0.9673992,1
0.99268466,1
0.579037,1
0.059200473,0
0.006640473,0
0.017452994,0
0.052560836,0
0.8093573,1
0.94560057,1
0.97254705,1
0.9405305,1
0.55587363,1
0.47161645,1
0.8420958,0
0.47133508,1
0.8502589,1
0.9412926,1
0.94140804,1
0.88936,1
0.24258392,1
0.40459186,1
0.09728409,0
0.009886831,0
0.0051675774,0
0.0043761614,0
0.0027588413,0
0.03164365,0
0.9732789,1
0.9917651,1
0.57840854,1
0.8292435,1
0.85648483,1
0.019305432,1
0.24766482,1
0.064304486,0
0.051125202,0
0.03701875,0
0.024330417,0
0.38109973,1
0.07089742,0
0.0522255,0
0.50213057,0
0.22809348,0
0.11080498,0
0.70485324,0
0.22729705,1
0.15072267,0
0.30084756,1
0.46306488,1
0.29277897,0
0.026948588,0
0.04661556,0
0.0133790355,0
0.25327632,0
0.3199076,0
0.12859993,0
0.15267955,0
0.16609713,0
0.49217466,1
0.88042134,1
0.6357813,1
0.6593526,1
0.9780498,1
0.9094416,1
0.99476534,1
0.5204172,1
0.05437986,1
0.487886,0
0.5051476,0
0.14551537,0
0.07398747,0
0.15494502,0
0.85515213,1
0.97560686,1
0.8557835,1
0.8824485,1
0.73977137,0
0.376437,0
0.5964326,0
0.88423026,1
0.9432001,1
0.753479,1
0.34180042,1
0.73418987,1
0.92830706,1
0.87728065,1
0.9364186,1
0.97607315,1
0.9086295,1
0.77331865,1
0.9918905,1
0.97724885,1
0.9328872,1
0.7996333,0
0.14752667,0
0.97217596,0
0.6356545,1
0.94956154,1
0.9468644,1
0.96610844,1
0.98698807,1
0.9088162,1
0.8276888,1
0.9636361,1
0.8614124,1
0.81983185,1
0.9641906,1
0.8479114,1
0.949329,1
0.24646057,1
0.16087142,0
0.9252543,0
0.012707599,0
0.23468982,0
0.75237906,1
0.9160923,1
0.97471565,1
0.9550241,1
0.88149697,1
0.95808274,1
0.7825207,1
0.9451381,1
0.92451364,1
0.14329694,1
0.7703132,0
0.07737828,0
0.36703092,0
0.1970597,0
0.15306726,0
0.054041453,0
0.057624876,0
0.04124489,0
0.54241693,0
0.738573,0
0.5085285,0
0.96856576,1
0.8268648,1
0.76804435,1
0.71218985,0
0.5821394,0
0.05507946,0
0.4017396,0
0.66562885,1
0.9366501,1
0.5911582,1
0.6589169,1
0.3408009,1
0.13805678,0
0.043252073,1
0.11047696,0
0.08296164,0
0.92420185,1
0.5901658,1
0.15029036,1
0.11744418,1
0.39749733,0
0.029579517,0
0.018351277,0
0.006064654,0
0.07200861,0
0.007047008,0
0.013552098,0
0.0021897324,0
0.10682126,0
0.016088288,0
0.22462784,1
0.5568506,1
0.034690745,0
0.012962959,0
0.16861615,0
0.07658513,0
0.31175262,1
0.3704018,1
0.33484277,0
0.20149745,0
0.25726923,0
0.74888045,1
0.42469904,1
0.44824538,0
0.06437214,0
0.08419699,0
0.1322363,0
0.97083956,0
0.9418548,1
0.9893541,1
0.9811969,1
0.99552983,1
0.9978042,1
0.9928128,1
0.9242969,1
0.45145255,1
0.45999172,0
0.046462033,0
0.039990004,0
0.0578506,0
0.04076157,0
0.19434965,0
0.31505373,0
0.029607162,0
0.91417545,1
0.3003961,1
0.98336715,1
0.97712994,1
0.9713203,1
0.9951519,1
0.910416,1
0.007735593,0
0.5599118,1
0.22445594,0
0.18757974,0
0.626799,0
0.1542087,1
0.34953755,1
0.41503316,1
0.087602,0
0.3846135,1
0.5933629,1
0.04849333,0
0.008113296,0
0.027362397,0
0.0046626176,0
0.5450029,0
0.033476245,0
0.005532261,0
0.15422726,0
0.51093584,1
0.92040694,0
0.3337138,0
0.1892318,0
0.29256868,0
0.42600223,0
0.16133566,1
0.086028315,0
0.0551554,0
0.4936352,0
0.3710944,0
0.105618335,0
0.05206308,0
0.03697291,0
0.033758122,0
0.009951241,0
0.019603958,0
0.055103835,0
0.027658975,0
0.014420752,0
0.013683367,0
0.020237882,0
0.043627866,0
0.019703994,0
0.86943907,1
0.9599725,1
0.9862042,1
0.97872216,1
0.92039824,1
0.8411933,1
0.9261852,1
0.91920143,1
0.94894737,1
0.48866668,1
0.8226921,0
0.8670693,1
0.83931977,1
0.93165493,1
0.9662394,1
0.8097262,1
0.7124964,1
0.1613513,1
0.6783287,1
0.5033354,1
0.076551735,1
0.027248887,0
0.011743584,0
0.36386746,0
0.1448808,0
0.06866117,0
0.28737924,0
0.38436532,0
0.5696355,0
0.82642525,0
0.37499872,1
0.59020424,1
0.9100384,1
0.9237369,1
0.9739423,1
0.49061316,1
0.1531032,1
0.71239513,0
0.18314783,1
0.1185667,0
0.012779377,0
0.004046981,0
0.0021906795,0
0.14259037,0
0.32186654,0
0.076261744,0
0.033071954,0
0.1912657,0
0.15715408,0
0.017584313,0
0.9672885,0
0.9359794,1
0.99504757,1
0.99595654,1
0.098297305,0
0.08754383,0
0.033361763,0
0.57721657,0
0.7448565,0
0.71097744,1
0.9817716,1
0.9289346,1
0.94377035,1
0.25339368,1
0.02048702,0
0.025783982,0
0.08526742,0
0.06966945,0
0.124329396,0
0.20053661,1
0.8158798,1
0.020658063,0
0.03639761,0
0.07048343,0
0.017013747,0
0.06815235,0
0.093237534,0
0.04572137,0
0.008747669,0
0.20198883,0
0.091826215,0
0.017576737,0
0.054387026,0
0.13220076,0
0.21094799,0
0.8776752,1
0.98091906,1
0.7979932,1
0.93148774,1
0.7667838,1
0.74452025,1
0.9641663,0
0.27467367,1
0.85099757,1
0.9952304,1
0.76901436,1
0.21609405,0
0.043902237,0
0.043210786,0
0.9568104,1
0.6105026,1
0.29611737,0
0.8624682,0
0.17447546,1
0.72557753,0
0.8309852,0
0.8343275,1
0.17798685,1
0.5715607,1
0.9170361,0
0.051153682,1
0.23240142,0
0.14709246,0
0.12705219,1
0.5154094,0
0.04355469,0
0.11110816,0
0.89792186,1
0.72046167,1
0.9910141,1
0.968841,1
0.46036536,1
0.1640302,0
0.096281685,0
0.7570033,1
0.95385474,1
0.48087376,0
0.041794814,0
0.09091052,1
0.122204535,1
0.076867186,0
0.015476419,0
0.1125495,0
0.055244625,0
0.06707223,0
0.15268433,0
0.066586435,0
0.12440165,0
0.29164705,1
0.9492291,1
0.82492906,1
0.83377826,1
0.46178082,0
0.07404798,0
0.046113312,0
0.0028063464,0
0.02872916,0
0.19407392,0
0.090848066,0
0.41177064,0
0.12034558,1
0.43204936,1
0.4247138,1
0.3107731,0
0.036536608,0
0.18634905,0
0.5342687,0
0.14308281,1
0.04349161,0
0.024709929,0
0.013935877,0
0.52000874,0
0.07570146,1
0.871762,1
0.8831391,1
0.94517815,1
0.92262757,1
0.54833305,1
0.5552493,0
0.00930949,0
0.0022066862,0
0.23891607,0
0.5286754,0
0.4549437,1
0.52870816,0
0.5616904,1
0.9568222,1
0.9330346,1
0.5474672,1
0.89577967,0
0.050955143,0
0.4667768,0
0.8281192,0
0.22321187,1
0.079253994,0
0.1052017,0
0.23319711,0
0.0014505914,1
0.123851694,1
0.84480745,1
0.30522242,1
0.11081557,0
0.14382267,0
0.023523675,0
0.24517205,0
0.45000416,1
0.622353,0
0.9040579,0
0.08122617,1
0.013560856,0
0.030139191,0
0.015103653,0
0.048078716,0
0.14841597,0
0.5120002,0
0.03588888,0
0.010079533,0
0.01770039,0
0.8832,0
0.8854198,1
0.94799376,1
0.92309433,1
0.9585033,1
0.2356197,0
0.09008168,0
0.06097055,0
0.5889829,1
0.8867366,1
0.6478688,1
0.66384274,1
0.544106,0
0.83888185,0
0.06348126,0
0.09862489,0
0.36941153,1
0.7680312,0
0.63329035,1
0.9504924,0
0.97992563,0
0.3474196,1
0.6217175,0
0.24019599,0
0.23198625,0
0.54733187,0
0.3574346,1
0.92518157,1
0.49473146,1
0.32430047,1
0.72077566,0
0.58187836,0
0.4903541,0
0.10341992,0
0.4784257,1
0.22992587,0
0.29908484,0
0.5226402,0
0.53919226,0
0.3160641,0
0.403012,0
0.65490896,0
0.35917118,0
0.28805256,0
0.10413849,1
0.19036996,1
0.0023291144,0
0.0068932357,0
0.0025138569,0
0.014793223,0
0.0128138885,0
0.0051041315,0
0.0032953932,0
0.019588279,0
0.3801951,0
0.5549126,0
0.45586428,0
0.059904557,0
0.17951299,0
0.8788705,0
0.7933137,1
0.60787046,1
0.021677656,0
0.10796477,0
0.10260061,1
0.14695302,1
0.7558674,0
0.5214321,1
0.88311535,0
0.019236552,0
0.42749354,0
0.8908062,1
0.9813808,1
0.98129797,1
0.98394305,1
0.98213714,1
0.9392549,1
0.96371645,1
0.9652106,1
0.99144775,1
0.18755774,1
0.2202076,1
0.31688643,0
0.05823966,0
0.026131276,0
0.14378648,0
0.87449056,1
0.9390136,1
0.8940924,1
0.8778864,1
0.94564444,1
0.25469124,0
0.38382146,0
0.020943018,0
0.13817203,1
0.30690405,0
0.23697737,0
0.03369732,0
0.08398493,0
0.12248872,0
0.03550432,0
0.09327448,0
0.42044064,0
0.7105294,1
0.6651376,0
0.03118065,0
0.004129322,0
0.036363225,0
0.494136,1
0.86392105,1
0.76898676,1
0.08838308,0
0.05463891,0
0.06663289,0
0.60228795,1
0.9694644,1
0.9808096,1
0.9875695,1
0.7038895,1
0.6032244,0
0.17461126,0
0.013257898,0
0.025888164,0
0.25273946,1
0.27419868,1
0.3802076,1
0.6185586,1
0.3082306,1
0.67456466,0
0.37169957,1
0.6847199,1
0.32317108,1
0.016967606,0
0.007988279,0
0.0027534757,0
0.0024663564,0
0.019882867,0
0.08563263,0
0.3810622,1
0.6194045,0
0.010077968,0
0.016087713,0
0.0149764735,0
0.046228446,0
0.85935813,0
0.6112623,1
0.23731008,0
0.10650731,0
0.025453746,0
0.08208699,0
0.1413136,0
0.0074732294,0
0.043796964,0
0.029061088,0
0.6630068,0
0.67861384,1
0.74517876,1
0.74830097,1
0.0788302,0
0.656985,1
0.39850968,1
0.47483963,0
0.3016317,0
0.03668321,0
0.3089955,0
0.27288756,1
0.17977843,0
0.031357713,0
0.043499317,0
0.17294495,0
0.52901804,0
0.35972753,1
0.9935661,1
0.98512536,1
0.9727163,1
0.9864872,1
0.39922756,1
0.15869999,1
0.07285099,0
0.09711862,0
0.11966123,0
0.16386087,0
0.06252115,0
0.71690434,0
0.49678943,0
0.9903966,0
0.56687963,1
0.8203661,1
0.93773144,1
0.9163384,1
0.97117406,1
0.9912372,1
0.99873704,1
0.9963894,1
0.9893579,1
0.9490328,1
0.07244779,0
0.36699215,0
0.0323345,0
0.012458288,0
0.11205784,0
0.071124874,0
0.17060724,0
0.1633197,0
0.49659777,0
0.01649469,0
0.020636158,0
0.5474721,0
0.8507186,1
0.9422623,1
0.98541576,1
0.9934362,1
0.29535145,1
0.16461924,1
0.21665989,0
0.09820711,0
0.11354431,0
0.0264789,0
0.030856172,0
0.096881405,0
0.45719057,0
0.8022706,1
0.716281,1
0.53542227,0
0.7311513,1
0.5749894,1
0.5945099,1
0.9662234,0
0.80496085,1
0.24784906,1
0.8335051,0
0.008764126,0
0.0029182374,0
0.0014217928,0
0.14637354,0
0.9697685,1
0.9192666,1
0.4179163,1
0.32038084,1
0.121434435,0
0.09775185,0
0.19123115,0
0.17064504,0
0.13138756,0
0.22890402,1
0.9952797,1
0.57334507,1
0.38443103,1
0.07524572,1
0.044577714,0
0.02834504,0
0.08045806,0
0.11646324,0
0.53048676,1
0.91324645,1
0.16894962,1
0.27015707,0
0.008804105,0
0.02595741,0
0.03270697,0
0.0147557985,0
0.122136526,1
0.066719815,0
0.039431136,0
0.70964485,0
0.10139733,0
0.01178803,0
0.094875686,0
0.23775779,0
0.17610237,0
0.003027379,0
0.005543467,0
0.06105565,0
0.02688579,0
0.75959045,0
0.94466245,1
0.96264535,1
0.96607286,1
0.57364213,1
0.9053773,1
0.972566,1
0.21866861,0
0.27666023,0
0.9060113,1
0.6722213,1
0.4309287,1
0.6580036,1
0.33913013,1
0.46069142,1
0.52741086,0
0.28328153,0
0.04800703,0
0.04517267,0
0.08785572,1
0.09572954,0
0.010502035,0
0.0023549392,0
0.095084734,1
0.026806409,0
0.014871165,0
0.12780716,0
0.0020214336,0
0.7606011,0
0.14384277,0
0.0209112,0
0.12108784,0
0.96939474,1
0.90049934,1
0.9449021,1
0.8958522,1
0.3321165,0
0.045538776,0
0.03151222,0
0.14991067,0
0.936706,0
0.65847677,1
0.975552,1
0.9323659,1
0.93233055,1
0.08341552,1
0.5029972,1
0.030787561,1
0.17930618,0
0.0017221577,0
0.0026314228,0
0.005727664,0
0.0047132224,0
0.71198446,1
0.7612168,1
0.74609184,1
0.73145837,1
0.9231362,1
0.9881172,1
0.7814494,1
0.781282,1
0.022046747,0
0.2108163,0
0.62040937,0
0.7611479,0
0.13447796,1
0.9871368,1
0.96663624,1
0.9861472,1
0.97931033,1
0.42397493,0
0.19252264,0
0.096822724,0
0.9171058,1
0.9547286,1
0.97969764,1
0.9926666,1
0.9788973,1
0.9938334,1
0.93050724,1
0.051793687,1
0.8456955,1
0.97877705,1
0.9825071,1
0.8226431,1
0.040744502,0
0.006507899,0
0.0009410902,0
0.0034330362,0
0.04091252,0
0.66941535,0
0.08810643,1
0.46443692,0
0.2288245,1
0.22082113,0
0.11834211,0
0.15252475,0
0.8391944,1
0.4773453,0
0.021709453,0
0.0034930126,0
0.0067196703,0
0.11375404,0
0.006319993,0
0.07278882,0
0.04091258,0
0.2626224,0
0.18608546,1
0.33502197,0
0.17182398,1
0.49406117,1
0.68555707,1
0.83030826,1
0.9749993,1
0.9947843,1
0.9722091,1
0.5284752,1
0.10415282,1
0.8486615,0
0.17131498,0
0.017978724,0
0.018419279,0
0.01129727,0
0.015938584,0
0.019430356,0
0.013494804,0
0.043929394,0
0.102795646,0
0.016858518,0
0.1536449,1
0.14004913,0
0.005615338,0
0.09221443,0
0.19637854,0
0.58141744,0
0.37873337,0
0.98087615,0
0.9923608,1
0.9850617,1
0.9954193,1
0.9969635,1
0.9275283,1
0.919274,1
0.88784474,1
0.6568714,1
0.86202,1
0.053219587,1
0.1437268,0
0.008607877,0
0.0009331501,0
0.00157582,0
0.003562335,0
0.82073027,0
0.67691004,1
0.26295596,0
0.65224755,0
0.8014922,1
0.7929441,1
0.95284986,1
0.9732122,1
0.7136326,0
0.6372592,0
0.5429495,0
0.29904482,0
0.36214057,1
0.56243515,1
0.058703955,0
0.28260034,0
0.85818017,1
0.8673444,1
0.048054695,0
0.20271005,0
0.046825867,0
0.042857375,0
0.0073407018,0
0.076240405,0
0.33041924,1
0.625725,1
0.15762483,1
0.1988587,1
0.8008838,0
0.64719135,0
0.10012253,0
0.051808685,0
0.09504468,0
0.031046791,0
0.007298968,0
0.008291463,0
0.19571553,0
0.062882505,0
0.03342216,0
0.5128635,0
0.79032767,1
0.82003784,0
0.31429237,0
0.28682974,1
0.20697331,1
0.7590537,1
0.90688956,1
0.053359773,0
0.0067280037,0
0.011689814,0
0.07418465,0
0.43629023,0
0.90473706,0
0.23410527,0
0.06399832,1
0.6729714,0
0.20693156,0
0.14562489,0
0.017162565,0
0.031933684,0
0.6568087,0
0.017273763,0
0.04792403,0
0.007670047,0
0.003826561,0
0.011560263,0
0.056654762,0
0.017051267,0
0.02738248,0
0.67254025,1
0.44336477,1
0.9897686,1
0.8476386,1
0.57830256,1
0.049725056,1
0.022912905,0
0.008223449,0
0.816195,0
0.13823105,1
0.7008977,1
0.5451978,1
0.942397,1
0.875394,1
0.116735525,1
0.84987843,0
0.0638349,0
0.019332115,0
0.045933537,0
0.58752453,1
0.2007498,1
0.20817916,0
0.07125095,0
0.14885588,0
0.16845395,1
0.40966251,0
0.46557373,0
0.7779538,1
0.90128934,1
0.3592879,1
0.9796502,1
0.28862283,1
0.56142646,1
0.38676807,1
0.96356595,0
0.27768937,0
0.6815272,1
0.05677316,1
0.41167146,0
0.11485058,0
0.012920297,0
0.003685986,0
0.014219364,0
0.068351775,1
0.9006047,0
0.16871373,0
0.09040426,0
0.4330793,0
0.7678251,1
0.9080613,1
0.60670197,1
0.7579569,1
0.39223617,0
0.3190405,1
0.1005286,1
0.013001322,1
0.33957416,0
0.2639931,0
0.005622751,0
0.001858589,0
0.24514039,0
0.059900485,0
0.015079783,0
0.045043774,0
0.006099721,0
0.020846233,0
0.20042555,0
0.24205782,0
0.20642336,0
0.75603086,0
0.029635558,0
0.0113890385,0
0.031772733,0
0.27780184,0
0.38423067,1
0.9834536,1
0.9786601,1
0.79757893,1
0.5847519,0
0.70088184,1
0.94180995,1
0.83113325,1
0.9468493,1
0.9306014,1
0.7443549,1
0.37636498,1
0.055753287,1
0.6183394,1
0.19857134,0
0.19594088,0
0.058721922,0
0.022503825,0
0.21592328,0
0.018169478,0
0.023689745,0
0.033621766,0
0.3170128,1
0.067380294,0
0.04653528,0
0.0036202031,0
0.050346643,1
0.28462988,1
0.047542658,1
0.43861845,0
0.50845736,0
0.043677516,0
0.8320699,1
0.9152465,1
0.983153,1
0.9927659,1
0.9291443,1
0.98840743,1
0.8461505,0
0.30933577,0
0.25540465,1
0.9097596,1
0.4867247,1
0.7593021,1
0.8720484,1
0.40567142,1
0.0787319,0
0.5248153,0
0.8519586,0
0.71289283,1
0.87472945,1
0.8475806,1
0.5869007,1
0.2740611,1
0.3818104,1
0.7001112,1
0.20002352,1
0.5692837,0
0.36948493,0
0.085958146,0
0.7425149,0
0.46299693,1
0.1682082,0
0.05762263,0
0.011623552,0
0.014604522,0
0.00942087,0
0.080688395,0
0.37878713,0
0.93554705,1
0.9437761,0
0.3081252,0
0.34422603,0
0.6211276,1
0.9214243,1
0.9951747,1
0.97227746,1
0.9275194,1
0.9795553,1
0.51515716,1
0.18128656,0
0.030290518,0
0.17549479,0
0.18246429,0
0.17669465,0
0.5628635,0
0.06347361,0
0.030917177,0
0.048693564,0
0.4573376,1
0.99042624,1
0.99262965,1
0.9922538,1
0.92548686,1
0.8086465,0
0.6902731,0
0.037107166,0
0.033695985,0
0.7231689,0
0.8103132,1
0.9943671,1
0.98844665,1
0.79948276,1
0.04217004,1
0.297605,0
0.07826735,0
0.07334853,0
0.017977567,0
0.06927239,0
0.2068163,0
0.3367433,1
0.74990696,0
0.41942587,0
0.6798188,0
0.6046349,1
0.88441706,1
0.54178727,1
0.05764181,0
0.01270504,0
0.5575276,1
0.29744592,1
0.23103197,0
0.25146556,0
0.33441114,0
0.23427531,0
0.37860656,0
0.6609284,0
0.19802962,0
0.3534538,0
0.7600499,0
0.22471221,1
0.8696195,1
0.5076872,1
0.92962533,1
0.9414067,1
0.82650244,1
0.9940858,1
0.9145363,1
0.8142232,1
0.07103897,0
0.010188492,0
0.0055000796,0
0.013414673,0
0.0012236305,0
0.005771678,0
0.020851692,0
0.026780533,0
0.48411277,0
0.026916893,0
0.07629619,0
0.16204344,1
0.8536552,1
0.36450896,1
0.524768,1
0.059441175,0
0.3697497,1
0.08977385,0
0.002755357,0
0.0039407867,0
0.025994861,0
0.74947536,1
0.95764047,1
0.8932147,1
0.9238272,1
0.42186183,0
0.93470097,0
0.3741714,0
0.17470899,0
0.25110766,0
0.76610726,1
0.9086663,1
0.9654947,1
0.9849687,1
0.51419365,1
0.0067718956,0
0.08683689,0
0.13988115,0
0.041662488,0
0.707612,1
0.44330794,1
0.23263626,0
0.021685978,0
0.042379517,0
0.37007126,1
0.6555255,1
0.07834987,0
0.004390581,0
0.008268667,0
0.010763903,0
0.0023738982,0
0.17443706,0
0.6082,0
0.14393052,0
0.43587708,1
0.024020642,0
0.8325654,1
0.984327,0
0.07376588,0
0.98341936,1
0.024088124,0
0.92155266,1
0.42221287,1
0.07550193,0
0.0017910773,0
0.003949318,0
0.010547851,0
0.04617951,0
0.22371504,0
0.57655513,0
